模型,层类型,算子名称,执行阶段,数据精度,测量类型,sweep轴,sweep取值,算子规模/shape,latency_us,TFLOPS,sglang入口,底层Kernel,实现类型,B200实测后端,备选实现,备注/发现
Kimi-K2.7,input,Token Embedding,Prefill,BF16,reference,,ref,"ids[16384] -> [16384,7168] vocab=163840",242.29,,embed_tokens,torch.nn.Embedding,PyTorch,torch.nn.Embedding,无 Triton 路径,
Kimi-K2.7,input,Token Embedding,Decode,BF16,reference,,ref,"ids[16] -> [16,7168] vocab=163840",55.41,,embed_tokens,torch.nn.Embedding,PyTorch,torch.nn.Embedding,无 Triton 路径,
Kimi-K2.7,all_layers,Input RMSNorm,Prefill,BF16,reference,,ref,"[16384,7168]",167.75,,input_layernorm,sgl_kernel.rmsnorm,CUDA,sgl_kernel.rmsnorm,无 Triton 路径,
Kimi-K2.7,all_layers,Input RMSNorm,Decode,BF16,reference,,ref,"[16,7168]",49.41,,input_layernorm,sgl_kernel.rmsnorm,CUDA,sgl_kernel.rmsnorm,无 Triton 路径,
Kimi-K2.7,dense_ffn,Dense FFN GateUp,Prefill,FP8 W8A8,reference,,ref,"[16384,7168]×[7168,4608]",1044.69,1036.04,mlp.gate_up_proj,deep_gemm w8a8_block_fp8,CUDA-JIT,deep_gemm w8a8_block_fp8 (blackwell path),备选: CUTLASS CUDA / Triton w8a8_block_fp8_matmul_triton / cuBLAS bf16,
Kimi-K2.7,dense_ffn,Dense FFN GateUp,Prefill,FP8 W8A8,sweep,prefill_M,512,"[512,7168]x[7168,4608] aligned(7168,4608)",61.77,547.59,mlp.gate_up_proj,deep_gemm w8a8_block_fp8,CUDA-JIT,deep_gemm w8a8_block_fp8 (blackwell path),,sweep op=Dense GateUp (fp8)
Kimi-K2.7,dense_ffn,Dense FFN GateUp,Prefill,FP8 W8A8,sweep,prefill_M,1024,"[1024,7168]x[7168,4608] aligned(7168,4608)",72.0,939.49,mlp.gate_up_proj,deep_gemm w8a8_block_fp8,CUDA-JIT,deep_gemm w8a8_block_fp8 (blackwell path),,sweep op=Dense GateUp (fp8)
Kimi-K2.7,dense_ffn,Dense FFN GateUp,Prefill,FP8 W8A8,sweep,prefill_M,2048,"[2048,7168]x[7168,4608] aligned(7168,4608)",149.28,906.27,mlp.gate_up_proj,deep_gemm w8a8_block_fp8,CUDA-JIT,deep_gemm w8a8_block_fp8 (blackwell path),,sweep op=Dense GateUp (fp8)
Kimi-K2.7,dense_ffn,Dense FFN GateUp,Prefill,FP8 W8A8,sweep,prefill_M,4096,"[4096,7168]x[7168,4608] aligned(7168,4608)",247.47,1093.38,mlp.gate_up_proj,deep_gemm w8a8_block_fp8,CUDA-JIT,deep_gemm w8a8_block_fp8 (blackwell path),,sweep op=Dense GateUp (fp8)
Kimi-K2.7,dense_ffn,Dense FFN GateUp,Prefill,FP8 W8A8,sweep,prefill_M,8192,"[8192,7168]x[7168,4608] aligned(7168,4608)",435.06,1243.88,mlp.gate_up_proj,deep_gemm w8a8_block_fp8,CUDA-JIT,deep_gemm w8a8_block_fp8 (blackwell path),,sweep op=Dense GateUp (fp8)
Kimi-K2.7,dense_ffn,Dense FFN GateUp,Prefill,FP8 W8A8,sweep,prefill_M,16384,"[16384,7168]x[7168,4608] aligned(7168,4608)",889.93,1216.2,mlp.gate_up_proj,deep_gemm w8a8_block_fp8,CUDA-JIT,deep_gemm w8a8_block_fp8 (blackwell path),,sweep op=Dense GateUp (fp8)
Kimi-K2.7,dense_ffn,Dense FFN GateUp,Prefill,FP8 W8A8,sweep,prefill_M,32768,"[32768,7168]x[7168,4608] aligned(7168,4608)",1780.79,1215.56,mlp.gate_up_proj,deep_gemm w8a8_block_fp8,CUDA-JIT,deep_gemm w8a8_block_fp8 (blackwell path),,sweep op=Dense GateUp (fp8)
Kimi-K2.7,dense_ffn,Dense FFN Down,Prefill,FP8 W8A8,reference,,ref,"[16384,2304]×[2304,7168]",451.28,1199.19,mlp.down_proj,deep_gemm w8a8_block_fp8,CUDA-JIT,deep_gemm w8a8_block_fp8 (blackwell path),备选: CUTLASS CUDA / Triton w8a8_block_fp8_matmul_triton / cuBLAS bf16,
Kimi-K2.7,dense_ffn,Dense FFN GateUp,Decode,FP8 W8A8,reference,,ref,"[16,7168]×[7168,4608]",56.5,18.71,mlp.gate_up_proj,deep_gemm w8a8_block_fp8,CUDA-JIT,deep_gemm w8a8_block_fp8 (blackwell path),备选: CUTLASS CUDA / Triton w8a8_block_fp8_matmul_triton / cuBLAS bf16,
Kimi-K2.7,dense_ffn,Dense FFN Down,Decode,FP8 W8A8,reference,,ref,"[16,2304]×[2304,7168]",52.92,9.99,mlp.down_proj,deep_gemm w8a8_block_fp8,CUDA-JIT,deep_gemm w8a8_block_fp8 (blackwell path),备选: CUTLASS CUDA / Triton w8a8_block_fp8_matmul_triton / cuBLAS bf16,
Kimi-K2.7,mla,Q_a+KV_a fused,Prefill,FP8 W8A8,reference,,ref,"[16384,7168]×[7168,2112]",436.81,1170.07,fused_qkv_a_proj_with_mqa,deep_gemm / dsv3_fused_a_gemm,CUDA-JIT,deep_gemm w8a8_block_fp8 (blackwell path),备选: CUTLASS CUDA / Triton FP8 / F.linear cuBLAS,B200 补测 deep_gemm fp8_gemm_nt || sweep prefill_M[512..32768]: 58–878us (见kimi_k27_sweeps.csv)
Kimi-K2.7,mla,Q_a+KV_a fused,Prefill,FP8 W8A8,sweep,prefill_M,512,"[512,7168]x[7168,2112] aligned(7168,2176)",58.42,273.4,fused_qkv_a_proj_with_mqa,deep_gemm / dsv3_fused_a_gemm,CUDA-JIT,deep_gemm w8a8_block_fp8 (blackwell path),,sweep op=Q_a fused (fp8)
Kimi-K2.7,mla,Q_a+KV_a fused,Prefill,FP8 W8A8,sweep,prefill_M,1024,"[1024,7168]x[7168,2112] aligned(7168,2176)",61.37,520.5,fused_qkv_a_proj_with_mqa,deep_gemm / dsv3_fused_a_gemm,CUDA-JIT,deep_gemm w8a8_block_fp8 (blackwell path),,sweep op=Q_a fused (fp8)
Kimi-K2.7,mla,Q_a+KV_a fused,Prefill,FP8 W8A8,sweep,prefill_M,2048,"[2048,7168]x[7168,2112] aligned(7168,2176)",71.86,889.05,fused_qkv_a_proj_with_mqa,deep_gemm / dsv3_fused_a_gemm,CUDA-JIT,deep_gemm w8a8_block_fp8 (blackwell path),,sweep op=Q_a fused (fp8)
Kimi-K2.7,mla,Q_a+KV_a fused,Prefill,FP8 W8A8,sweep,prefill_M,4096,"[4096,7168]x[7168,2112] aligned(7168,2176)",150.12,851.15,fused_qkv_a_proj_with_mqa,deep_gemm / dsv3_fused_a_gemm,CUDA-JIT,deep_gemm w8a8_block_fp8 (blackwell path),,sweep op=Q_a fused (fp8)
Kimi-K2.7,mla,Q_a+KV_a fused,Prefill,FP8 W8A8,sweep,prefill_M,8192,"[8192,7168]x[7168,2112] aligned(7168,2176)",248.0,1030.44,fused_qkv_a_proj_with_mqa,deep_gemm / dsv3_fused_a_gemm,CUDA-JIT,deep_gemm w8a8_block_fp8 (blackwell path),,sweep op=Q_a fused (fp8)
Kimi-K2.7,mla,Q_a+KV_a fused,Prefill,FP8 W8A8,sweep,prefill_M,16384,"[16384,7168]x[7168,2112] aligned(7168,2176)",436.44,1171.06,fused_qkv_a_proj_with_mqa,deep_gemm / dsv3_fused_a_gemm,CUDA-JIT,deep_gemm w8a8_block_fp8 (blackwell path),,sweep op=Q_a fused (fp8)
Kimi-K2.7,mla,Q_a+KV_a fused,Prefill,FP8 W8A8,sweep,prefill_M,32768,"[32768,7168]x[7168,2112] aligned(7168,2176)",877.83,1164.47,fused_qkv_a_proj_with_mqa,deep_gemm / dsv3_fused_a_gemm,CUDA-JIT,deep_gemm w8a8_block_fp8 (blackwell path),,sweep op=Q_a fused (fp8)
Kimi-K2.7,mla,Q_a+KV_a fused,Decode,FP8 W8A8,reference,,ref,"[16,7168]×[7168,2112]",56.60,8.82,fused_qkv_a_proj_with_mqa,deep_gemm / dsv3_fused_a_gemm,CUDA-JIT,deep_gemm w8a8_block_fp8 (blackwell path),备选: CUTLASS CUDA / Triton FP8 / F.linear cuBLAS,B200 补测; 备选 sgl_kernel.dsv3_fused_a_gemm bf16=54.20us || sweep decode_B[1..256]: 56–58us (见kimi_k27_sweeps.csv) || 发现: decode B1→256 平坦(~57us)，launch/带宽受限，非compute-bound(CUDA-graph计时才能测真实核时间)
Kimi-K2.7,mla,Q_a+KV_a fused,Decode,FP8 W8A8,sweep,decode_B,1,"[1,7168]x[7168,2112] aligned(7168,2176)",57.13,0.55,fused_qkv_a_proj_with_mqa,deep_gemm / dsv3_fused_a_gemm,CUDA-JIT,deep_gemm w8a8_block_fp8 (blackwell path),,sweep op=Q_a fused (fp8)
Kimi-K2.7,mla,Q_a+KV_a fused,Decode,FP8 W8A8,sweep,decode_B,2,"[2,7168]x[7168,2112] aligned(7168,2176)",57.61,1.08,fused_qkv_a_proj_with_mqa,deep_gemm / dsv3_fused_a_gemm,CUDA-JIT,deep_gemm w8a8_block_fp8 (blackwell path),,sweep op=Q_a fused (fp8)
Kimi-K2.7,mla,Q_a+KV_a fused,Decode,FP8 W8A8,sweep,decode_B,4,"[4,7168]x[7168,2112] aligned(7168,2176)",57.25,2.18,fused_qkv_a_proj_with_mqa,deep_gemm / dsv3_fused_a_gemm,CUDA-JIT,deep_gemm w8a8_block_fp8 (blackwell path),,sweep op=Q_a fused (fp8)
Kimi-K2.7,mla,Q_a+KV_a fused,Decode,FP8 W8A8,sweep,decode_B,8,"[8,7168]x[7168,2112] aligned(7168,2176)",56.86,4.39,fused_qkv_a_proj_with_mqa,deep_gemm / dsv3_fused_a_gemm,CUDA-JIT,deep_gemm w8a8_block_fp8 (blackwell path),,sweep op=Q_a fused (fp8)
Kimi-K2.7,mla,Q_a+KV_a fused,Decode,FP8 W8A8,sweep,decode_B,16,"[16,7168]x[7168,2112] aligned(7168,2176)",56.53,8.83,fused_qkv_a_proj_with_mqa,deep_gemm / dsv3_fused_a_gemm,CUDA-JIT,deep_gemm w8a8_block_fp8 (blackwell path),,sweep op=Q_a fused (fp8)
Kimi-K2.7,mla,Q_a+KV_a fused,Decode,FP8 W8A8,sweep,decode_B,32,"[32,7168]x[7168,2112] aligned(7168,2176)",56.17,17.77,fused_qkv_a_proj_with_mqa,deep_gemm / dsv3_fused_a_gemm,CUDA-JIT,deep_gemm w8a8_block_fp8 (blackwell path),,sweep op=Q_a fused (fp8)
Kimi-K2.7,mla,Q_a+KV_a fused,Decode,FP8 W8A8,sweep,decode_B,64,"[64,7168]x[7168,2112] aligned(7168,2176)",57.05,35.0,fused_qkv_a_proj_with_mqa,deep_gemm / dsv3_fused_a_gemm,CUDA-JIT,deep_gemm w8a8_block_fp8 (blackwell path),,sweep op=Q_a fused (fp8)
Kimi-K2.7,mla,Q_a+KV_a fused,Decode,FP8 W8A8,sweep,decode_B,128,"[128,7168]x[7168,2112] aligned(7168,2176)",56.96,70.1,fused_qkv_a_proj_with_mqa,deep_gemm / dsv3_fused_a_gemm,CUDA-JIT,deep_gemm w8a8_block_fp8 (blackwell path),,sweep op=Q_a fused (fp8)
Kimi-K2.7,mla,Q_a+KV_a fused,Decode,FP8 W8A8,sweep,decode_B,256,"[256,7168]x[7168,2112] aligned(7168,2176)",57.46,138.98,fused_qkv_a_proj_with_mqa,deep_gemm / dsv3_fused_a_gemm,CUDA-JIT,deep_gemm w8a8_block_fp8 (blackwell path),,sweep op=Q_a fused (fp8)
Kimi-K2.7,mla,Q_b,Prefill,FP8 W8A8,reference,,ref,"[16384,1536]×[1536,1536]",77.83,993.29,q_b_proj,deep_gemm w8a8_block_fp8,CUDA-JIT,deep_gemm w8a8_block_fp8 (blackwell path),备选: CUTLASS CUDA / Triton FP8 / F.linear cuBLAS,B200 补测
Kimi-K2.7,mla,Q_b,Decode,FP8 W8A8,reference,,ref,"[16,1536]×[1536,12288]",52.52,11.5,q_b_proj,deep_gemm w8a8_block_fp8,CUDA-JIT,deep_gemm w8a8_block_fp8 (blackwell path),备选: CUTLASS CUDA / Triton FP8 / F.linear cuBLAS,B200 补测 || sweep decode_B[1..256]: 53–55us (见kimi_k27_sweeps.csv) || 发现: decode B1→256 平坦(~57us)，launch/带宽受限，非compute-bound(CUDA-graph计时才能测真实核时间)
Kimi-K2.7,mla,Q_b,Decode,FP8 W8A8,sweep,decode_B,1,"[1,1536]x[1536,12288] aligned(1536,12288)",52.62,0.72,q_b_proj,deep_gemm w8a8_block_fp8,CUDA-JIT,deep_gemm w8a8_block_fp8 (blackwell path),,sweep op=Q_b (fp8)
Kimi-K2.7,mla,Q_b,Decode,FP8 W8A8,sweep,decode_B,2,"[2,1536]x[1536,12288] aligned(1536,12288)",52.68,1.43,q_b_proj,deep_gemm w8a8_block_fp8,CUDA-JIT,deep_gemm w8a8_block_fp8 (blackwell path),,sweep op=Q_b (fp8)
Kimi-K2.7,mla,Q_b,Decode,FP8 W8A8,sweep,decode_B,4,"[4,1536]x[1536,12288] aligned(1536,12288)",52.63,2.87,q_b_proj,deep_gemm w8a8_block_fp8,CUDA-JIT,deep_gemm w8a8_block_fp8 (blackwell path),,sweep op=Q_b (fp8)
Kimi-K2.7,mla,Q_b,Decode,FP8 W8A8,sweep,decode_B,8,"[8,1536]x[1536,12288] aligned(1536,12288)",52.58,5.74,q_b_proj,deep_gemm w8a8_block_fp8,CUDA-JIT,deep_gemm w8a8_block_fp8 (blackwell path),,sweep op=Q_b (fp8)
Kimi-K2.7,mla,Q_b,Decode,FP8 W8A8,sweep,decode_B,16,"[16,1536]x[1536,12288] aligned(1536,12288)",52.66,11.47,q_b_proj,deep_gemm w8a8_block_fp8,CUDA-JIT,deep_gemm w8a8_block_fp8 (blackwell path),,sweep op=Q_b (fp8)
Kimi-K2.7,mla,Q_b,Decode,FP8 W8A8,sweep,decode_B,32,"[32,1536]x[1536,12288] aligned(1536,12288)",52.91,22.83,q_b_proj,deep_gemm w8a8_block_fp8,CUDA-JIT,deep_gemm w8a8_block_fp8 (blackwell path),,sweep op=Q_b (fp8)
Kimi-K2.7,mla,Q_b,Decode,FP8 W8A8,sweep,decode_B,64,"[64,1536]x[1536,12288] aligned(1536,12288)",53.19,45.42,q_b_proj,deep_gemm w8a8_block_fp8,CUDA-JIT,deep_gemm w8a8_block_fp8 (blackwell path),,sweep op=Q_b (fp8)
Kimi-K2.7,mla,Q_b,Decode,FP8 W8A8,sweep,decode_B,128,"[128,1536]x[1536,12288] aligned(1536,12288)",54.43,88.77,q_b_proj,deep_gemm w8a8_block_fp8,CUDA-JIT,deep_gemm w8a8_block_fp8 (blackwell path),,sweep op=Q_b (fp8)
Kimi-K2.7,mla,Q_b,Decode,FP8 W8A8,sweep,decode_B,256,"[256,1536]x[1536,12288] aligned(1536,12288)",55.31,174.73,q_b_proj,deep_gemm w8a8_block_fp8,CUDA-JIT,deep_gemm w8a8_block_fp8 (blackwell path),,sweep op=Q_b (fp8)
Kimi-K2.7,mla,KV_b,Prefill,FP8 W8A8,reference,,ref,"[16384,512]×[512,2048]",73.39,468.19,kv_b_proj,deep_gemm w8a8_block_fp8,CUDA-JIT,deep_gemm w8a8_block_fp8 (blackwell path),备选: CUTLASS CUDA / Triton FP8 / F.linear cuBLAS,B200 补测
Kimi-K2.7,mla,KV_b absorb BMM,Decode,BF16,reference,,ref,"[16,8,128]×[8,128,512]",49.58,0.34,w_kc (from kv_b),torch.bmm,cuBLAS,torch.bmm bf16,备选: sgl_kernel.bmm_fp8 (CUDA) / DeepGEMM masked,B200 补测; 备选 sgl_kernel.bmm_fp8
Kimi-K2.7,mla,V absorb BMM,Decode,BF16,reference,,ref,"[16,8,512]×[8,512,128]",50.05,0.34,w_vc (from kv_b),torch.bmm,cuBLAS,torch.bmm bf16,备选: sgl_kernel.bmm_fp8 (CUDA) / DeepGEMM masked,B200 补测; 备选 sgl_kernel.bmm_fp8
Kimi-K2.7,mla,O_proj,Prefill,FP8 W8A8,reference,,ref,"[16384,1024]×[1024,7168]",264.18,910.44,o_proj,deep_gemm w8a8_block_fp8,CUDA-JIT,deep_gemm w8a8_block_fp8 (blackwell path),备选: CUTLASS CUDA / Triton FP8 / F.linear cuBLAS,B200 补测 || sweep prefill_M[512..32768]: 55–534us (见kimi_k27_sweeps.csv)
Kimi-K2.7,mla,O_proj,Prefill,FP8 W8A8,sweep,prefill_M,512,"[512,1024]x[1024,7168] aligned(1024,7168)",54.7,137.41,o_proj,deep_gemm w8a8_block_fp8,CUDA-JIT,deep_gemm w8a8_block_fp8 (blackwell path),,sweep op=O_proj (fp8)
Kimi-K2.7,mla,O_proj,Prefill,FP8 W8A8,sweep,prefill_M,1024,"[1024,1024]x[1024,7168] aligned(1024,7168)",58.84,255.5,o_proj,deep_gemm w8a8_block_fp8,CUDA-JIT,deep_gemm w8a8_block_fp8 (blackwell path),,sweep op=O_proj (fp8)
Kimi-K2.7,mla,O_proj,Prefill,FP8 W8A8,sweep,prefill_M,2048,"[2048,1024]x[1024,7168] aligned(1024,7168)",65.22,460.96,o_proj,deep_gemm w8a8_block_fp8,CUDA-JIT,deep_gemm w8a8_block_fp8 (blackwell path),,sweep op=O_proj (fp8)
Kimi-K2.7,mla,O_proj,Prefill,FP8 W8A8,sweep,prefill_M,4096,"[4096,1024]x[1024,7168] aligned(1024,7168)",72.26,832.13,o_proj,deep_gemm w8a8_block_fp8,CUDA-JIT,deep_gemm w8a8_block_fp8 (blackwell path),,sweep op=O_proj (fp8)
Kimi-K2.7,mla,O_proj,Prefill,FP8 W8A8,sweep,prefill_M,8192,"[8192,1024]x[1024,7168] aligned(1024,7168)",156.06,770.59,o_proj,deep_gemm w8a8_block_fp8,CUDA-JIT,deep_gemm w8a8_block_fp8 (blackwell path),,sweep op=O_proj (fp8)
Kimi-K2.7,mla,O_proj,Prefill,FP8 W8A8,sweep,prefill_M,16384,"[16384,1024]x[1024,7168] aligned(1024,7168)",265.21,906.89,o_proj,deep_gemm w8a8_block_fp8,CUDA-JIT,deep_gemm w8a8_block_fp8 (blackwell path),,sweep op=O_proj (fp8)
Kimi-K2.7,mla,O_proj,Prefill,FP8 W8A8,sweep,prefill_M,32768,"[32768,1024]x[1024,7168] aligned(1024,7168)",533.8,901.16,o_proj,deep_gemm w8a8_block_fp8,CUDA-JIT,deep_gemm w8a8_block_fp8 (blackwell path),,sweep op=O_proj (fp8)
Kimi-K2.7,mla,O_proj,Decode,FP8 W8A8,reference,,ref,"[16,8192]×[8192,7168]",57.57,32.64,o_proj,deep_gemm w8a8_block_fp8,CUDA-JIT,deep_gemm w8a8_block_fp8 (blackwell path),备选: CUTLASS CUDA / Triton FP8 / F.linear cuBLAS,B200 补测 || sweep decode_B[1..256]: 57–62us (见kimi_k27_sweeps.csv) || 发现: decode B1→256 平坦(~57us)，launch/带宽受限，非compute-bound(CUDA-graph计时才能测真实核时间)
Kimi-K2.7,mla,O_proj,Decode,FP8 W8A8,sweep,decode_B,1,"[1,8192]x[8192,7168] aligned(8192,7168)",57.3,2.05,o_proj,deep_gemm w8a8_block_fp8,CUDA-JIT,deep_gemm w8a8_block_fp8 (blackwell path),,sweep op=O_proj (fp8)
Kimi-K2.7,mla,O_proj,Decode,FP8 W8A8,sweep,decode_B,2,"[2,8192]x[8192,7168] aligned(8192,7168)",57.27,4.1,o_proj,deep_gemm w8a8_block_fp8,CUDA-JIT,deep_gemm w8a8_block_fp8 (blackwell path),,sweep op=O_proj (fp8)
Kimi-K2.7,mla,O_proj,Decode,FP8 W8A8,sweep,decode_B,4,"[4,8192]x[8192,7168] aligned(8192,7168)",57.15,8.22,o_proj,deep_gemm w8a8_block_fp8,CUDA-JIT,deep_gemm w8a8_block_fp8 (blackwell path),,sweep op=O_proj (fp8)
Kimi-K2.7,mla,O_proj,Decode,FP8 W8A8,sweep,decode_B,8,"[8,8192]x[8192,7168] aligned(8192,7168)",57.28,16.4,o_proj,deep_gemm w8a8_block_fp8,CUDA-JIT,deep_gemm w8a8_block_fp8 (blackwell path),,sweep op=O_proj (fp8)
Kimi-K2.7,mla,O_proj,Decode,FP8 W8A8,sweep,decode_B,16,"[16,8192]x[8192,7168] aligned(8192,7168)",57.36,32.76,o_proj,deep_gemm w8a8_block_fp8,CUDA-JIT,deep_gemm w8a8_block_fp8 (blackwell path),,sweep op=O_proj (fp8)
Kimi-K2.7,mla,O_proj,Decode,FP8 W8A8,sweep,decode_B,32,"[32,8192]x[8192,7168] aligned(8192,7168)",57.9,64.9,o_proj,deep_gemm w8a8_block_fp8,CUDA-JIT,deep_gemm w8a8_block_fp8 (blackwell path),,sweep op=O_proj (fp8)
Kimi-K2.7,mla,O_proj,Decode,FP8 W8A8,sweep,decode_B,64,"[64,8192]x[8192,7168] aligned(8192,7168)",59.11,127.16,o_proj,deep_gemm w8a8_block_fp8,CUDA-JIT,deep_gemm w8a8_block_fp8 (blackwell path),,sweep op=O_proj (fp8)
Kimi-K2.7,mla,O_proj,Decode,FP8 W8A8,sweep,decode_B,128,"[128,8192]x[8192,7168] aligned(8192,7168)",60.02,250.46,o_proj,deep_gemm w8a8_block_fp8,CUDA-JIT,deep_gemm w8a8_block_fp8 (blackwell path),,sweep op=O_proj (fp8)
Kimi-K2.7,mla,O_proj,Decode,FP8 W8A8,sweep,decode_B,256,"[256,8192]x[8192,7168] aligned(8192,7168)",62.41,481.76,o_proj,deep_gemm w8a8_block_fp8,CUDA-JIT,deep_gemm w8a8_block_fp8 (blackwell path),,sweep op=O_proj (fp8)
Kimi-K2.7,mla,MLA Attention core,Prefill,BF16/FP8 KV,reference,,ref,Q/K/V MLA prefill (no DSA sparse),2256.27,152.29,dsa_backend / flashinfer,flashinfer trtllm ragged / flash_mla,CUDA,"flashinfer single_prefill (ragged, causal)",备选: FA3 CUDA / TileLang；非 Triton 主路径,"B200 补测 seq=4096; seq=8192: 8425.61us/163.12 TFLOPS; MLA dims H=64,qk=192,v=128 || sweep prefill_seqlen[1024..16384]: 343–31560us (见kimi_k27_sweeps.csv) || 发现: O(seq²) causal，每2x seq约4x latency(16k=31.6ms)"
Kimi-K2.7,mla,MLA Attention core,Prefill,BF16/FP8 KV,sweep,prefill_seqlen,1024,"Q/K:[1024,64,192] V:[1024,64,128] seqlen=1024",343.34,62.55,dsa_backend / flashinfer,flashinfer trtllm ragged / flash_mla,CUDA,"flashinfer.single_prefill_with_kv_cache (ragged, causal)",,sweep op=MLA attention prefill
Kimi-K2.7,mla,MLA Attention core,Prefill,BF16/FP8 KV,sweep,prefill_seqlen,2048,"Q/K:[2048,64,192] V:[2048,64,128] seqlen=2048",787.0,109.15,dsa_backend / flashinfer,flashinfer trtllm ragged / flash_mla,CUDA,"flashinfer.single_prefill_with_kv_cache (ragged, causal)",,sweep op=MLA attention prefill
Kimi-K2.7,mla,MLA Attention core,Prefill,BF16/FP8 KV,sweep,prefill_seqlen,4096,"Q/K:[4096,64,192] V:[4096,64,128] seqlen=4096",2254.2,152.43,dsa_backend / flashinfer,flashinfer trtllm ragged / flash_mla,CUDA,"flashinfer.single_prefill_with_kv_cache (ragged, causal)",,sweep op=MLA attention prefill
Kimi-K2.7,mla,MLA Attention core,Prefill,BF16/FP8 KV,sweep,prefill_seqlen,8192,"Q/K:[8192,64,192] V:[8192,64,128] seqlen=8192",8448.71,162.67,dsa_backend / flashinfer,flashinfer trtllm ragged / flash_mla,CUDA,"flashinfer.single_prefill_with_kv_cache (ragged, causal)",,sweep op=MLA attention prefill
Kimi-K2.7,mla,MLA Attention core,Prefill,BF16/FP8 KV,sweep,prefill_seqlen,16384,"Q/K:[16384,64,192] V:[16384,64,128] seqlen=16384",31559.71,174.2,dsa_backend / flashinfer,flashinfer trtllm ragged / flash_mla,CUDA,"flashinfer.single_prefill_with_kv_cache (ragged, causal)",,sweep op=MLA attention prefill
Kimi-K2.7,mla,MLA Attention decode,Decode,BF16,reference,,ref,"Q[16,64,320] sparse/dense",71.33,127.96,forward_mla,flash_mla_with_kvcache / flashinfer,CUDA,flashinfer trtllm_batch_decode_mla (sm100),备选: FA3 CUDA / TileLang；非 Triton 主路径,"B200 补测 seq=4096; seq=8192: 146.35us/124.73 TFLOPS; flash_mla dense decode 仅 SM90a || sweep decode_kvlen[1024..32768]: 65–334us (见kimi_k27_sweeps.csv) | sweep decode_B[1..256]: 60–615us (见kimi_k27_sweeps.csv) || 发现: 随KV长度~线性; batch B≤8平坦(launch-bound), B>8后~线性(256=615us)"
Kimi-K2.7,mla,MLA Attention decode,Decode,BF16,sweep,decode_kvlen,1024,"Q:[16,1,64,576] KV:paged(1024,576) v=512",64.54,35.35,forward_mla,flash_mla_with_kvcache / flashinfer,CUDA,flashinfer.trtllm_batch_decode_with_kv_cache_mla (sm100),,sweep op=MLA attention decode
Kimi-K2.7,mla,MLA Attention decode,Decode,BF16,sweep,decode_kvlen,2048,"Q:[16,1,64,576] KV:paged(2048,576) v=512",72.36,63.07,forward_mla,flash_mla_with_kvcache / flashinfer,CUDA,flashinfer.trtllm_batch_decode_with_kv_cache_mla (sm100),,sweep op=MLA attention decode
Kimi-K2.7,mla,MLA Attention decode,Decode,BF16,sweep,decode_kvlen,4096,"Q:[16,1,64,576] KV:paged(4096,576) v=512",71.28,128.04,forward_mla,flash_mla_with_kvcache / flashinfer,CUDA,flashinfer.trtllm_batch_decode_with_kv_cache_mla (sm100),,sweep op=MLA attention decode
Kimi-K2.7,mla,MLA Attention decode,Decode,BF16,sweep,decode_kvlen,8192,"Q:[16,1,64,576] KV:paged(8192,576) v=512",146.44,124.65,forward_mla,flash_mla_with_kvcache / flashinfer,CUDA,flashinfer.trtllm_batch_decode_with_kv_cache_mla (sm100),,sweep op=MLA attention decode
Kimi-K2.7,mla,MLA Attention decode,Decode,BF16,sweep,decode_kvlen,16384,"Q:[16,1,64,576] KV:paged(16384,576) v=512",172.69,211.4,forward_mla,flash_mla_with_kvcache / flashinfer,CUDA,flashinfer.trtllm_batch_decode_with_kv_cache_mla (sm100),,sweep op=MLA attention decode
Kimi-K2.7,mla,MLA Attention decode,Decode,BF16,sweep,decode_kvlen,32768,"Q:[16,1,64,576] KV:paged(32768,576) v=512",334.04,218.58,forward_mla,flash_mla_with_kvcache / flashinfer,CUDA,flashinfer.trtllm_batch_decode_with_kv_cache_mla (sm100),,sweep op=MLA attention decode
Kimi-K2.7,mla,MLA Attention decode,Decode,BF16,sweep,decode_B,1,"Q:[1,1,64,576] KV:paged(4096,576) v=512",59.85,9.53,forward_mla,flash_mla_with_kvcache / flashinfer,CUDA,flashinfer.trtllm_batch_decode_with_kv_cache_mla (sm100),,sweep op=MLA attention decode
Kimi-K2.7,mla,MLA Attention decode,Decode,BF16,sweep,decode_B,2,"Q:[2,1,64,576] KV:paged(4096,576) v=512",60.9,18.73,forward_mla,flash_mla_with_kvcache / flashinfer,CUDA,flashinfer.trtllm_batch_decode_with_kv_cache_mla (sm100),,sweep op=MLA attention decode
Kimi-K2.7,mla,MLA Attention decode,Decode,BF16,sweep,decode_B,4,"Q:[4,1,64,576] KV:paged(4096,576) v=512",62.73,36.37,forward_mla,flash_mla_with_kvcache / flashinfer,CUDA,flashinfer.trtllm_batch_decode_with_kv_cache_mla (sm100),,sweep op=MLA attention decode
Kimi-K2.7,mla,MLA Attention decode,Decode,BF16,sweep,decode_B,8,"Q:[8,1,64,576] KV:paged(4096,576) v=512",71.15,64.14,forward_mla,flash_mla_with_kvcache / flashinfer,CUDA,flashinfer.trtllm_batch_decode_with_kv_cache_mla (sm100),,sweep op=MLA attention decode
Kimi-K2.7,mla,MLA Attention decode,Decode,BF16,sweep,decode_B,16,"Q:[16,1,64,576] KV:paged(4096,576) v=512",71.37,127.89,forward_mla,flash_mla_with_kvcache / flashinfer,CUDA,flashinfer.trtllm_batch_decode_with_kv_cache_mla (sm100),,sweep op=MLA attention decode
Kimi-K2.7,mla,MLA Attention decode,Decode,BF16,sweep,decode_B,32,"Q:[32,1,64,576] KV:paged(4096,576) v=512",145.44,125.51,forward_mla,flash_mla_with_kvcache / flashinfer,CUDA,flashinfer.trtllm_batch_decode_with_kv_cache_mla (sm100),,sweep op=MLA attention decode
Kimi-K2.7,mla,MLA Attention decode,Decode,BF16,sweep,decode_B,64,"Q:[64,1,64,576] KV:paged(4096,576) v=512",174.2,209.57,forward_mla,flash_mla_with_kvcache / flashinfer,CUDA,flashinfer.trtllm_batch_decode_with_kv_cache_mla (sm100),,sweep op=MLA attention decode
Kimi-K2.7,mla,MLA Attention decode,Decode,BF16,sweep,decode_B,128,"Q:[128,1,64,576] KV:paged(4096,576) v=512",333.49,218.94,forward_mla,flash_mla_with_kvcache / flashinfer,CUDA,flashinfer.trtllm_batch_decode_with_kv_cache_mla (sm100),,sweep op=MLA attention decode
Kimi-K2.7,mla,MLA Attention decode,Decode,BF16,sweep,decode_B,256,"Q:[256,1,64,576] KV:paged(4096,576) v=512",615.16,237.38,forward_mla,flash_mla_with_kvcache / flashinfer,CUDA,flashinfer.trtllm_batch_decode_with_kv_cache_mla (sm100),,sweep op=MLA attention decode
Kimi-K2.7,moe,MoE Router,Prefill,BF16→FP32,reference,,ref,"[16384,7168]×[7168,384]",173.43,520.05,mlp.gate,cuBLAS / dsv3_router_gemm,CUDA-JIT,F.linear / torch.mm (cuBLAS bf16),TopK: sgl_kernel CUDA；非 Triton,B200 补测; M>16 走 cuBLAS 非 router_gemm || sweep prefill_M[512..32768]: 56–351us (见kimi_k27_sweeps.csv) || 发现: M<2k时 launch-bound(~56us)，M>2k后~线性
Kimi-K2.7,moe,MoE Router,Prefill,BF16→FP32,sweep,prefill_M,512,"[512,7168]x[7168,384]",55.92,50.41,mlp.gate,cuBLAS / dsv3_router_gemm,CUDA-JIT,F.linear / torch.mm (cuBLAS bf16),,sweep op=MoE Router (cuBLAS)
Kimi-K2.7,moe,MoE Router,Prefill,BF16→FP32,sweep,prefill_M,1024,"[1024,7168]x[7168,384]",58.93,95.66,mlp.gate,cuBLAS / dsv3_router_gemm,CUDA-JIT,F.linear / torch.mm (cuBLAS bf16),,sweep op=MoE Router (cuBLAS)
Kimi-K2.7,moe,MoE Router,Prefill,BF16→FP32,sweep,prefill_M,2048,"[2048,7168]x[7168,384]",60.08,187.66,mlp.gate,cuBLAS / dsv3_router_gemm,CUDA-JIT,F.linear / torch.mm (cuBLAS bf16),,sweep op=MoE Router (cuBLAS)
Kimi-K2.7,moe,MoE Router,Prefill,BF16→FP32,sweep,prefill_M,4096,"[4096,7168]x[7168,384]",65.73,343.05,mlp.gate,cuBLAS / dsv3_router_gemm,CUDA-JIT,F.linear / torch.mm (cuBLAS bf16),,sweep op=MoE Router (cuBLAS)
Kimi-K2.7,moe,MoE Router,Prefill,BF16→FP32,sweep,prefill_M,8192,"[8192,7168]x[7168,384]",83.8,538.18,mlp.gate,cuBLAS / dsv3_router_gemm,CUDA-JIT,F.linear / torch.mm (cuBLAS bf16),,sweep op=MoE Router (cuBLAS)
Kimi-K2.7,moe,MoE Router,Prefill,BF16→FP32,sweep,prefill_M,16384,"[16384,7168]x[7168,384]",172.86,521.77,mlp.gate,cuBLAS / dsv3_router_gemm,CUDA-JIT,F.linear / torch.mm (cuBLAS bf16),,sweep op=MoE Router (cuBLAS)
Kimi-K2.7,moe,MoE Router,Prefill,BF16→FP32,sweep,prefill_M,32768,"[32768,7168]x[7168,384]",351.32,513.45,mlp.gate,cuBLAS / dsv3_router_gemm,CUDA-JIT,F.linear / torch.mm (cuBLAS bf16),,sweep op=MoE Router (cuBLAS)
Kimi-K2.7,moe,MoE Router,Prefill,BF16→FP32,sweep,decode_B,1,"[1,7168]x[7168,384]",53.43,0.1,mlp.gate,cuBLAS / dsv3_router_gemm,CUDA-JIT,F.linear / torch.mm (cuBLAS bf16),,sweep op=MoE Router (cuBLAS)
Kimi-K2.7,moe,MoE Router,Prefill,BF16→FP32,sweep,decode_B,2,"[2,7168]x[7168,384]",53.59,0.21,mlp.gate,cuBLAS / dsv3_router_gemm,CUDA-JIT,F.linear / torch.mm (cuBLAS bf16),,sweep op=MoE Router (cuBLAS)
Kimi-K2.7,moe,MoE Router,Prefill,BF16→FP32,sweep,decode_B,4,"[4,7168]x[7168,384]",53.51,0.41,mlp.gate,cuBLAS / dsv3_router_gemm,CUDA-JIT,F.linear / torch.mm (cuBLAS bf16),,sweep op=MoE Router (cuBLAS)
Kimi-K2.7,moe,MoE Router,Prefill,BF16→FP32,sweep,decode_B,8,"[8,7168]x[7168,384]",53.51,0.82,mlp.gate,cuBLAS / dsv3_router_gemm,CUDA-JIT,F.linear / torch.mm (cuBLAS bf16),,sweep op=MoE Router (cuBLAS)
Kimi-K2.7,moe,MoE Router,Prefill,BF16→FP32,sweep,decode_B,16,"[16,7168]x[7168,384]",53.43,1.65,mlp.gate,cuBLAS / dsv3_router_gemm,CUDA-JIT,F.linear / torch.mm (cuBLAS bf16),,sweep op=MoE Router (cuBLAS)
Kimi-K2.7,moe,MoE Router,Prefill,BF16→FP32,sweep,decode_B,32,"[32,7168]x[7168,384]",53.5,3.29,mlp.gate,cuBLAS / dsv3_router_gemm,CUDA-JIT,F.linear / torch.mm (cuBLAS bf16),,sweep op=MoE Router (cuBLAS)
Kimi-K2.7,moe,MoE Router,Prefill,BF16→FP32,sweep,decode_B,64,"[64,7168]x[7168,384]",53.58,6.58,mlp.gate,cuBLAS / dsv3_router_gemm,CUDA-JIT,F.linear / torch.mm (cuBLAS bf16),,sweep op=MoE Router (cuBLAS)
Kimi-K2.7,moe,MoE Router,Prefill,BF16→FP32,sweep,decode_B,128,"[128,7168]x[7168,384]",54.81,12.86,mlp.gate,cuBLAS / dsv3_router_gemm,CUDA-JIT,F.linear / torch.mm (cuBLAS bf16),,sweep op=MoE Router (cuBLAS)
Kimi-K2.7,moe,MoE Router,Prefill,BF16→FP32,sweep,decode_B,256,"[256,7168]x[7168,384]",56.29,25.03,mlp.gate,cuBLAS / dsv3_router_gemm,CUDA-JIT,F.linear / torch.mm (cuBLAS bf16),,sweep op=MoE Router (cuBLAS)
Kimi-K2.7,moe,MoE Router,Decode,BF16→FP32,reference,,ref,"[16,7168]×[7168,384]",57.77,1.52,mlp.gate,dsv3_router_gemm JIT,CUDA-JIT,"sgl_kernel.dsv3_router_gemm (CUDA JIT, fp32)",TopK: sgl_kernel CUDA；非 Triton,B200 补测 || sweep decode_B[1..16]: 50–58us (见kimi_k27_sweeps.csv) || 发现: dsv3_router_gemm 随B增长(B=16→58us)，B=16已慢于cuBLAS(53us)，故sglang仅M≤16启用此核
Kimi-K2.7,moe,MoE Router,Decode,BF16→FP32,sweep,decode_B,1,"[1,7168]x[7168,384]",50.15,0.11,mlp.gate,dsv3_router_gemm JIT,CUDA-JIT,"sgl_kernel.dsv3_router_gemm (CUDA JIT, out fp32)",,sweep op=MoE Router (dsv3_router_gemm)
Kimi-K2.7,moe,MoE Router,Decode,BF16→FP32,sweep,decode_B,2,"[2,7168]x[7168,384]",50.55,0.22,mlp.gate,dsv3_router_gemm JIT,CUDA-JIT,"sgl_kernel.dsv3_router_gemm (CUDA JIT, out fp32)",,sweep op=MoE Router (dsv3_router_gemm)
Kimi-K2.7,moe,MoE Router,Decode,BF16→FP32,sweep,decode_B,4,"[4,7168]x[7168,384]",51.28,0.43,mlp.gate,dsv3_router_gemm JIT,CUDA-JIT,"sgl_kernel.dsv3_router_gemm (CUDA JIT, out fp32)",,sweep op=MoE Router (dsv3_router_gemm)
Kimi-K2.7,moe,MoE Router,Decode,BF16→FP32,sweep,decode_B,8,"[8,7168]x[7168,384]",52.66,0.84,mlp.gate,dsv3_router_gemm JIT,CUDA-JIT,"sgl_kernel.dsv3_router_gemm (CUDA JIT, out fp32)",,sweep op=MoE Router (dsv3_router_gemm)
Kimi-K2.7,moe,MoE Router,Decode,BF16→FP32,sweep,decode_B,16,"[16,7168]x[7168,384]",57.79,1.52,mlp.gate,dsv3_router_gemm JIT,CUDA-JIT,"sgl_kernel.dsv3_router_gemm (CUDA JIT, out fp32)",,sweep op=MoE Router (dsv3_router_gemm)
Kimi-K2.7,moe,MoE GateUp GroupGEMM,Prefill,FP8 grouped,reference,,ref,"384×[512,7168]×[7168,256]",897.72,803.76,experts.w13_weight,deep_gemm.m_grouped_fp8_gemm_nt_contiguous,CUDA-JIT,deep_gemm.m_grouped_fp8_gemm_nt_contiguous,备选: Triton fused_experts / CUTLASS / FlashInfer TRTLLM MoE,sweep tokens_per_expert[16..1024]: 587–1807us (见kimi_k27_sweeps.csv) || 发现: 128行对齐填充地板，<128 tokens/expert 走满128行(~587us不变)；真实路由比topk(randn)更倾斜，填充代价更高
Kimi-K2.7,moe,MoE GateUp GroupGEMM,Prefill,FP8 grouped,sweep,tokens_per_expert,16,E=384 m_sum=49152 K=7168 N=256 (uniform=16),587.77,306.9,experts.w13_weight,deep_gemm.m_grouped_fp8_gemm_nt_contiguous,CUDA-JIT,deep_gemm contiguous (non-uniform),,sweep op=MoE GateUp grouped (contig)
Kimi-K2.7,moe,MoE GateUp GroupGEMM,Prefill,FP8 grouped,sweep,tokens_per_expert,32,E=384 m_sum=49152 K=7168 N=256 (uniform=32),589.66,305.92,experts.w13_weight,deep_gemm.m_grouped_fp8_gemm_nt_contiguous,CUDA-JIT,deep_gemm contiguous (non-uniform),,sweep op=MoE GateUp grouped (contig)
Kimi-K2.7,moe,MoE GateUp GroupGEMM,Prefill,FP8 grouped,sweep,tokens_per_expert,64,E=384 m_sum=49152 K=7168 N=256 (uniform=64),586.92,307.35,experts.w13_weight,deep_gemm.m_grouped_fp8_gemm_nt_contiguous,CUDA-JIT,deep_gemm contiguous (non-uniform),,sweep op=MoE GateUp grouped (contig)
Kimi-K2.7,moe,MoE GateUp GroupGEMM,Prefill,FP8 grouped,sweep,tokens_per_expert,128,E=384 m_sum=49152 K=7168 N=256 (uniform=128),587.08,307.27,experts.w13_weight,deep_gemm.m_grouped_fp8_gemm_nt_contiguous,CUDA-JIT,deep_gemm contiguous (non-uniform),,sweep op=MoE GateUp grouped (contig)
Kimi-K2.7,moe,MoE GateUp GroupGEMM,Prefill,FP8 grouped,sweep,tokens_per_expert,256,E=384 m_sum=98304 K=7168 N=256 (uniform=256),661.08,545.74,experts.w13_weight,deep_gemm.m_grouped_fp8_gemm_nt_contiguous,CUDA-JIT,deep_gemm contiguous (non-uniform),,sweep op=MoE GateUp grouped (contig)
Kimi-K2.7,moe,MoE GateUp GroupGEMM,Prefill,FP8 grouped,sweep,tokens_per_expert,341,E=384 m_sum=147456 K=7168 N=256 (uniform=341),876.49,617.42,experts.w13_weight,deep_gemm.m_grouped_fp8_gemm_nt_contiguous,CUDA-JIT,deep_gemm contiguous (non-uniform),,sweep op=MoE GateUp grouped (contig)
Kimi-K2.7,moe,MoE GateUp GroupGEMM,Prefill,FP8 grouped,sweep,tokens_per_expert,512,E=384 m_sum=196608 K=7168 N=256 (uniform=512),1071.89,673.16,experts.w13_weight,deep_gemm.m_grouped_fp8_gemm_nt_contiguous,CUDA-JIT,deep_gemm contiguous (non-uniform),,sweep op=MoE GateUp grouped (contig)
Kimi-K2.7,moe,MoE GateUp GroupGEMM,Prefill,FP8 grouped,sweep,tokens_per_expert,1024,E=384 m_sum=393216 K=7168 N=256 (uniform=1024),1807.35,798.47,experts.w13_weight,deep_gemm.m_grouped_fp8_gemm_nt_contiguous,CUDA-JIT,deep_gemm contiguous (non-uniform),,sweep op=MoE GateUp grouped (contig)
Kimi-K2.7,moe,MoE GateUp GroupGEMM,Prefill,FP8 grouped,sweep,tokens_per_expert,routed_M4096,E=384 m_sum=49152 K=7168 N=256 (routed M=4096 min55/max114),588.12,306.72,experts.w13_weight,deep_gemm.m_grouped_fp8_gemm_nt_contiguous,CUDA-JIT,deep_gemm contiguous (non-uniform),,sweep op=MoE GateUp grouped (contig)
Kimi-K2.7,moe,MoE GateUp GroupGEMM,Prefill,FP8 grouped,sweep,tokens_per_expert,routed_M16384,E=384 m_sum=147840 K=7168 N=256 (routed M=16384 min288/max400),874.94,620.13,experts.w13_weight,deep_gemm.m_grouped_fp8_gemm_nt_contiguous,CUDA-JIT,deep_gemm contiguous (non-uniform),,sweep op=MoE GateUp grouped (contig)
Kimi-K2.7,moe,MoE GateUp GroupGEMM,Decode,FP8 masked,reference,,ref,"8×[16,7168]×[7168,2048] approx",73.53,51.11,experts.w13_weight,deep_gemm.fp8_m_grouped_gemm_nt_masked,CUDA-JIT,deep_gemm.fp8_m_grouped_gemm_nt_masked,备选: Triton fused_experts / CUTLASS / FlashInfer TRTLLM MoE,B200 补测 masked E=8 || sweep masked_m[1..128]: 73–74us (见kimi_k27_sweeps.csv) || 发现: masked 128对齐填充，masked_m<128 成本不变(~73us)，代价随专家组数(EP度)而非有效token数增长
Kimi-K2.7,moe,MoE GateUp GroupGEMM,Decode,FP8 masked,sweep,masked_m,1,"8x[1,7168]x[7168,2048] (masked, padded M=128)",73.23,3.21,experts.w13_weight,deep_gemm.fp8_m_grouped_gemm_nt_masked,CUDA-JIT,deep_gemm.fp8_m_grouped_gemm_nt_masked,,sweep op=MoE GateUp masked
Kimi-K2.7,moe,MoE GateUp GroupGEMM,Decode,FP8 masked,sweep,masked_m,2,"8x[2,7168]x[7168,2048] (masked, padded M=128)",73.24,6.41,experts.w13_weight,deep_gemm.fp8_m_grouped_gemm_nt_masked,CUDA-JIT,deep_gemm.fp8_m_grouped_gemm_nt_masked,,sweep op=MoE GateUp masked
Kimi-K2.7,moe,MoE GateUp GroupGEMM,Decode,FP8 masked,sweep,masked_m,4,"8x[4,7168]x[7168,2048] (masked, padded M=128)",73.3,12.82,experts.w13_weight,deep_gemm.fp8_m_grouped_gemm_nt_masked,CUDA-JIT,deep_gemm.fp8_m_grouped_gemm_nt_masked,,sweep op=MoE GateUp masked
Kimi-K2.7,moe,MoE GateUp GroupGEMM,Decode,FP8 masked,sweep,masked_m,8,"8x[8,7168]x[7168,2048] (masked, padded M=128)",73.26,25.65,experts.w13_weight,deep_gemm.fp8_m_grouped_gemm_nt_masked,CUDA-JIT,deep_gemm.fp8_m_grouped_gemm_nt_masked,,sweep op=MoE GateUp masked
Kimi-K2.7,moe,MoE GateUp GroupGEMM,Decode,FP8 masked,sweep,masked_m,16,"8x[16,7168]x[7168,2048] (masked, padded M=128)",73.02,51.47,experts.w13_weight,deep_gemm.fp8_m_grouped_gemm_nt_masked,CUDA-JIT,deep_gemm.fp8_m_grouped_gemm_nt_masked,,sweep op=MoE GateUp masked
Kimi-K2.7,moe,MoE GateUp GroupGEMM,Decode,FP8 masked,sweep,masked_m,32,"8x[32,7168]x[7168,2048] (masked, padded M=128)",73.64,102.07,experts.w13_weight,deep_gemm.fp8_m_grouped_gemm_nt_masked,CUDA-JIT,deep_gemm.fp8_m_grouped_gemm_nt_masked,,sweep op=MoE GateUp masked
Kimi-K2.7,moe,MoE GateUp GroupGEMM,Decode,FP8 masked,sweep,masked_m,64,"8x[64,7168]x[7168,2048] (masked, padded M=128)",73.16,205.48,experts.w13_weight,deep_gemm.fp8_m_grouped_gemm_nt_masked,CUDA-JIT,deep_gemm.fp8_m_grouped_gemm_nt_masked,,sweep op=MoE GateUp masked
Kimi-K2.7,moe,MoE GateUp GroupGEMM,Decode,FP8 masked,sweep,masked_m,128,"8x[128,7168]x[7168,2048] (masked, padded M=128)",73.12,411.15,experts.w13_weight,deep_gemm.fp8_m_grouped_gemm_nt_masked,CUDA-JIT,deep_gemm.fp8_m_grouped_gemm_nt_masked,,sweep op=MoE GateUp masked
Kimi-K2.7,moe,MoE GateUp GroupGEMM,Decode,FP8 masked,sweep,masked_m,skew8,E=8 masked_m=skew8 K=7168 N=2048,73.34,102.09,experts.w13_weight,deep_gemm.fp8_m_grouped_gemm_nt_masked,CUDA-JIT,deep_gemm masked (non-uniform),,sweep op=MoE GateUp masked
Kimi-K2.7,moe,MoE GateUp GroupGEMM,Decode,FP8 masked,sweep,masked_m,ep12,E=12 masked_m=ep12 K=7168 N=2048,86.66,65.05,experts.w13_weight,deep_gemm.fp8_m_grouped_gemm_nt_masked,CUDA-JIT,deep_gemm masked (non-uniform),,sweep op=MoE GateUp masked
Kimi-K2.7,moe,MoE Down GroupGEMM,Prefill,FP8 grouped,reference,,ref,"384×[512,256]×[256,7168]",2440.95,295.6,experts.w2_weight,deep_gemm.m_grouped_fp8_gemm_nt_contiguous,CUDA-JIT,deep_gemm.m_grouped_fp8_gemm_nt_contiguous,备选: Triton fused_experts / CUTLASS / FlashInfer TRTLLM MoE,B200 补测 contiguous E=384 || 发现: 同GateUp，128行对齐填充地板(<128 tokens/expert 走满128行)
Kimi-K2.7,moe,MoE Down GroupGEMM,Decode,FP8 masked,reference,,ref,"8×[16,1024]×[1024,7168] approx",60.97,30.82,experts.w2_weight,deep_gemm.fp8_m_grouped_gemm_nt_masked,CUDA-JIT,deep_gemm.fp8_m_grouped_gemm_nt_masked,备选: Triton fused_experts / CUTLASS / FlashInfer TRTLLM MoE,B200 补测 masked E=8 || 发现: masked 128对齐填充，masked_m<128 成本不变
Kimi-K2.7,moe_shared,MoE Shared GateUp,Prefill,FP8 W8A8,reference,,ref,"[16384,7168]×[7168,512]",148.43,810.19,shared_experts.gate_up_proj,deep_gemm w8a8_block_fp8,CUDA-JIT,deep_gemm w8a8_block_fp8 (blackwell path),备选: CUTLASS CUDA / Triton w8a8_block_fp8_matmul_triton / cuBLAS bf16,
Kimi-K2.7,moe_shared,MoE Shared Down,Prefill,FP8 W8A8,reference,,ref,"[16384,256]×[256,7168]",240.41,250.11,shared_experts.down_proj,deep_gemm w8a8_block_fp8,CUDA-JIT,deep_gemm w8a8_block_fp8 (blackwell path),备选: CUTLASS CUDA / Triton w8a8_block_fp8_matmul_triton / cuBLAS bf16,
Kimi-K2.7,moe_shared,MoE Shared GateUp,Decode,FP8 W8A8,reference,,ref,"[16,7168]×[7168,512]",55.77,2.11,shared_experts.gate_up_proj,deep_gemm w8a8_block_fp8,CUDA-JIT,deep_gemm w8a8_block_fp8 (blackwell path),备选: CUTLASS CUDA / Triton w8a8_block_fp8_matmul_triton / cuBLAS bf16,
Kimi-K2.7,moe_shared,MoE Shared Down,Decode,FP8 W8A8,reference,,ref,"[16,256]×[256,7168]",51.12,1.15,shared_experts.down_proj,deep_gemm w8a8_block_fp8,CUDA-JIT,deep_gemm w8a8_block_fp8 (blackwell path),备选: CUTLASS CUDA / Triton w8a8_block_fp8_matmul_triton / cuBLAS bf16,
Kimi-K2.7,output,LM Head,Prefill,BF16,reference,,ref,"[16384,7168]×[7168,163840]",58362.49,659.38,lm_head,torch.mm,cuBLAS,torch.mm bf16 (lm_head),可选 FP8 DeepGEMM（若量化）,
Kimi-K2.7,output,LM Head,Decode,BF16,reference,,ref,"[16,7168]×[7168,163840]",892.85,42.09,lm_head,torch.mm,cuBLAS,torch.mm bf16 (lm_head),可选 FP8 DeepGEMM（若量化）,
Kimi-K2.7,mla,RoPE (q+k),Prefill,BF16,reference,,ref,"q[16384,64,64] k[16384,1,64]",144.22,,rotary_emb,apply_rope_with_cos_sin_cache_inplace,CUDA-JIT,JIT rope (neox),fused_qk_norm_rope / dsv4 fused,补测: 每层 MLA rope
Kimi-K2.7,mla,RoPE (q+k),Decode,BF16,reference,,ref,"q[16,64,64] k[16,1,64]",48.77,,rotary_emb,apply_rope_with_cos_sin_cache_inplace,CUDA-JIT,JIT rope (neox),fused_qk_norm_rope,补测; ~49us decode 为启动开销地板(M=16)，非算子瓶颈
Kimi-K2.7,mla,q_a_layernorm,Prefill,BF16,reference,,ref,"[16384,1536]",62.02,,q_a_layernorm,sgl_kernel.rmsnorm,CUDA,sgl_kernel.rmsnorm,-,补测: MLA q-lora latent norm
Kimi-K2.7,mla,q_a_layernorm,Decode,BF16,reference,,ref,"[16,1536]",49.15,,q_a_layernorm,sgl_kernel.rmsnorm,CUDA,sgl_kernel.rmsnorm,-,补测; ~49us decode 为启动开销地板(M=16)，非算子瓶颈
Kimi-K2.7,mla,kv_a_layernorm,Prefill,BF16,reference,,ref,"[16384,512]",53.93,,kv_a_layernorm,sgl_kernel.rmsnorm,CUDA,sgl_kernel.rmsnorm,-,补测: MLA kv-lora latent norm
Kimi-K2.7,mla,kv_a_layernorm,Decode,BF16,reference,,ref,"[16,512]",48.64,,kv_a_layernorm,sgl_kernel.rmsnorm,CUDA,sgl_kernel.rmsnorm,-,补测; ~49us decode 为启动开销地板(M=16)，非算子瓶颈
Kimi-K2.7,all_layers,Fused add+RMSNorm,Prefill,BF16,reference,,ref,"[16384,7168]",336.24,,input_layernorm / post_attention_layernorm,sgl_kernel.fused_add_rmsnorm,CUDA,fused_add_rmsnorm (residual融合),-,补测: 稳态残差+norm 融合路径 || sweep prefill_M[512..32768]: 52–623us (见kimi_k27_sweeps.csv)
Kimi-K2.7,all_layers,Fused add+RMSNorm,Prefill,BF16,sweep,prefill_M,512,"[512,7168]",52.27,,input_layernorm / post_attention_layernorm,sgl_kernel.fused_add_rmsnorm,CUDA,sgl_kernel.fused_add_rmsnorm,,sweep op=Fused add+RMSNorm
Kimi-K2.7,all_layers,Fused add+RMSNorm,Prefill,BF16,sweep,prefill_M,1024,"[1024,7168]",55.32,,input_layernorm / post_attention_layernorm,sgl_kernel.fused_add_rmsnorm,CUDA,sgl_kernel.fused_add_rmsnorm,,sweep op=Fused add+RMSNorm
Kimi-K2.7,all_layers,Fused add+RMSNorm,Prefill,BF16,sweep,prefill_M,2048,"[2048,7168]",61.37,,input_layernorm / post_attention_layernorm,sgl_kernel.fused_add_rmsnorm,CUDA,sgl_kernel.fused_add_rmsnorm,,sweep op=Fused add+RMSNorm
Kimi-K2.7,all_layers,Fused add+RMSNorm,Prefill,BF16,sweep,prefill_M,4096,"[4096,7168]",84.22,,input_layernorm / post_attention_layernorm,sgl_kernel.fused_add_rmsnorm,CUDA,sgl_kernel.fused_add_rmsnorm,,sweep op=Fused add+RMSNorm
Kimi-K2.7,all_layers,Fused add+RMSNorm,Prefill,BF16,sweep,prefill_M,8192,"[8192,7168]",169.13,,input_layernorm / post_attention_layernorm,sgl_kernel.fused_add_rmsnorm,CUDA,sgl_kernel.fused_add_rmsnorm,,sweep op=Fused add+RMSNorm
Kimi-K2.7,all_layers,Fused add+RMSNorm,Prefill,BF16,sweep,prefill_M,16384,"[16384,7168]",336.59,,input_layernorm / post_attention_layernorm,sgl_kernel.fused_add_rmsnorm,CUDA,sgl_kernel.fused_add_rmsnorm,,sweep op=Fused add+RMSNorm
Kimi-K2.7,all_layers,Fused add+RMSNorm,Prefill,BF16,sweep,prefill_M,32768,"[32768,7168]",622.9,,input_layernorm / post_attention_layernorm,sgl_kernel.fused_add_rmsnorm,CUDA,sgl_kernel.fused_add_rmsnorm,,sweep op=Fused add+RMSNorm
Kimi-K2.7,all_layers,Fused add+RMSNorm,Decode,BF16,reference,,ref,"[16,7168]",49.77,,input_layernorm / post_attention_layernorm,sgl_kernel.fused_add_rmsnorm,CUDA,fused_add_rmsnorm,-,补测; ~49us decode 为启动开销地板(M=16)，非算子瓶颈 || sweep decode_B[1..256]: 49–51us (见kimi_k27_sweeps.csv)
Kimi-K2.7,all_layers,Fused add+RMSNorm,Decode,BF16,sweep,decode_B,1,"[1,7168]",49.24,,input_layernorm / post_attention_layernorm,sgl_kernel.fused_add_rmsnorm,CUDA,sgl_kernel.fused_add_rmsnorm,,sweep op=Fused add+RMSNorm
Kimi-K2.7,all_layers,Fused add+RMSNorm,Decode,BF16,sweep,decode_B,2,"[2,7168]",49.75,,input_layernorm / post_attention_layernorm,sgl_kernel.fused_add_rmsnorm,CUDA,sgl_kernel.fused_add_rmsnorm,,sweep op=Fused add+RMSNorm
Kimi-K2.7,all_layers,Fused add+RMSNorm,Decode,BF16,sweep,decode_B,4,"[4,7168]",49.63,,input_layernorm / post_attention_layernorm,sgl_kernel.fused_add_rmsnorm,CUDA,sgl_kernel.fused_add_rmsnorm,,sweep op=Fused add+RMSNorm
Kimi-K2.7,all_layers,Fused add+RMSNorm,Decode,BF16,sweep,decode_B,8,"[8,7168]",49.58,,input_layernorm / post_attention_layernorm,sgl_kernel.fused_add_rmsnorm,CUDA,sgl_kernel.fused_add_rmsnorm,,sweep op=Fused add+RMSNorm
Kimi-K2.7,all_layers,Fused add+RMSNorm,Decode,BF16,sweep,decode_B,16,"[16,7168]",49.97,,input_layernorm / post_attention_layernorm,sgl_kernel.fused_add_rmsnorm,CUDA,sgl_kernel.fused_add_rmsnorm,,sweep op=Fused add+RMSNorm
Kimi-K2.7,all_layers,Fused add+RMSNorm,Decode,BF16,sweep,decode_B,32,"[32,7168]",49.99,,input_layernorm / post_attention_layernorm,sgl_kernel.fused_add_rmsnorm,CUDA,sgl_kernel.fused_add_rmsnorm,,sweep op=Fused add+RMSNorm
Kimi-K2.7,all_layers,Fused add+RMSNorm,Decode,BF16,sweep,decode_B,64,"[64,7168]",50.03,,input_layernorm / post_attention_layernorm,sgl_kernel.fused_add_rmsnorm,CUDA,sgl_kernel.fused_add_rmsnorm,,sweep op=Fused add+RMSNorm
Kimi-K2.7,all_layers,Fused add+RMSNorm,Decode,BF16,sweep,decode_B,128,"[128,7168]",49.6,,input_layernorm / post_attention_layernorm,sgl_kernel.fused_add_rmsnorm,CUDA,sgl_kernel.fused_add_rmsnorm,,sweep op=Fused add+RMSNorm
Kimi-K2.7,all_layers,Fused add+RMSNorm,Decode,BF16,sweep,decode_B,256,"[256,7168]",50.84,,input_layernorm / post_attention_layernorm,sgl_kernel.fused_add_rmsnorm,CUDA,sgl_kernel.fused_add_rmsnorm,,sweep op=Fused add+RMSNorm
Kimi-K2.7,moe,MoE Gate (fused topk),Prefill,FP32,reference,,ref,"[16384,384] topk=8",79.08,,mlp.gate -> topk,sgl_kernel.kimi_k2_moe_fused_gate,CUDA,"kimi_k2_moe_fused_gate (Kimi专用, sigmoid+biased topk)",moe_fused_gate / biased_grouped_topk,补测: Kimi专用路由核; num_expert_group=1
Kimi-K2.7,moe,MoE Gate (fused topk),Decode,FP32,reference,,ref,"[16,384] topk=8",52.19,,mlp.gate -> topk,sgl_kernel.kimi_k2_moe_fused_gate,CUDA,kimi_k2_moe_fused_gate,moe_fused_gate,补测; ~49us decode 为启动开销地板(M=16)，非算子瓶颈 || sweep decode_B[1..256]: 52–53us (见kimi_k27_sweeps.csv)
Kimi-K2.7,moe,MoE Gate (fused topk),Decode,FP32,sweep,decode_B,1,"[1,384] topk=8",51.81,,mlp.gate -> topk,sgl_kernel.kimi_k2_moe_fused_gate,CUDA,sgl_kernel.kimi_k2_moe_fused_gate,,sweep op=MoE Gate (fused)
Kimi-K2.7,moe,MoE Gate (fused topk),Decode,FP32,sweep,decode_B,2,"[2,384] topk=8",51.87,,mlp.gate -> topk,sgl_kernel.kimi_k2_moe_fused_gate,CUDA,sgl_kernel.kimi_k2_moe_fused_gate,,sweep op=MoE Gate (fused)
Kimi-K2.7,moe,MoE Gate (fused topk),Decode,FP32,sweep,decode_B,4,"[4,384] topk=8",51.86,,mlp.gate -> topk,sgl_kernel.kimi_k2_moe_fused_gate,CUDA,sgl_kernel.kimi_k2_moe_fused_gate,,sweep op=MoE Gate (fused)
Kimi-K2.7,moe,MoE Gate (fused topk),Decode,FP32,sweep,decode_B,8,"[8,384] topk=8",51.84,,mlp.gate -> topk,sgl_kernel.kimi_k2_moe_fused_gate,CUDA,sgl_kernel.kimi_k2_moe_fused_gate,,sweep op=MoE Gate (fused)
Kimi-K2.7,moe,MoE Gate (fused topk),Decode,FP32,sweep,decode_B,16,"[16,384] topk=8",52.18,,mlp.gate -> topk,sgl_kernel.kimi_k2_moe_fused_gate,CUDA,sgl_kernel.kimi_k2_moe_fused_gate,,sweep op=MoE Gate (fused)
Kimi-K2.7,moe,MoE Gate (fused topk),Decode,FP32,sweep,decode_B,32,"[32,384] topk=8",52.11,,mlp.gate -> topk,sgl_kernel.kimi_k2_moe_fused_gate,CUDA,sgl_kernel.kimi_k2_moe_fused_gate,,sweep op=MoE Gate (fused)
Kimi-K2.7,moe,MoE Gate (fused topk),Decode,FP32,sweep,decode_B,64,"[64,384] topk=8",52.25,,mlp.gate -> topk,sgl_kernel.kimi_k2_moe_fused_gate,CUDA,sgl_kernel.kimi_k2_moe_fused_gate,,sweep op=MoE Gate (fused)
Kimi-K2.7,moe,MoE Gate (fused topk),Decode,FP32,sweep,decode_B,128,"[128,384] topk=8",52.25,,mlp.gate -> topk,sgl_kernel.kimi_k2_moe_fused_gate,CUDA,sgl_kernel.kimi_k2_moe_fused_gate,,sweep op=MoE Gate (fused)
Kimi-K2.7,moe,MoE Gate (fused topk),Decode,FP32,sweep,decode_B,256,"[256,384] topk=8",52.79,,mlp.gate -> topk,sgl_kernel.kimi_k2_moe_fused_gate,CUDA,sgl_kernel.kimi_k2_moe_fused_gate,,sweep op=MoE Gate (fused)
Kimi-K2.7,dense_ffn,SwiGLU act (dense),Prefill,BF16,reference,,ref,"[16384,4608]->[16384,2304]",146.58,,mlp.act_fn,sgl_kernel.silu_and_mul,CUDA,silu_and_mul,silu_and_mul_contig_post_quant (融合量化),补测: dense FFN 激活 || sweep prefill_M[512..32768]: 51–245us (见kimi_k27_sweeps.csv)
Kimi-K2.7,dense_ffn,SwiGLU act (dense),Prefill,BF16,sweep,prefill_M,512,"[512,4608]->[512,2304]",51.03,,mlp.act_fn,sgl_kernel.silu_and_mul,CUDA,sgl_kernel.silu_and_mul,,sweep op=SwiGLU dense
Kimi-K2.7,dense_ffn,SwiGLU act (dense),Prefill,BF16,sweep,prefill_M,1024,"[1024,4608]->[1024,2304]",52.32,,mlp.act_fn,sgl_kernel.silu_and_mul,CUDA,sgl_kernel.silu_and_mul,,sweep op=SwiGLU dense
Kimi-K2.7,dense_ffn,SwiGLU act (dense),Prefill,BF16,sweep,prefill_M,2048,"[2048,4608]->[2048,2304]",54.99,,mlp.act_fn,sgl_kernel.silu_and_mul,CUDA,sgl_kernel.silu_and_mul,,sweep op=SwiGLU dense
Kimi-K2.7,dense_ffn,SwiGLU act (dense),Prefill,BF16,sweep,prefill_M,4096,"[4096,4608]->[4096,2304]",60.31,,mlp.act_fn,sgl_kernel.silu_and_mul,CUDA,sgl_kernel.silu_and_mul,,sweep op=SwiGLU dense
Kimi-K2.7,dense_ffn,SwiGLU act (dense),Prefill,BF16,sweep,prefill_M,8192,"[8192,4608]->[8192,2304]",74.19,,mlp.act_fn,sgl_kernel.silu_and_mul,CUDA,sgl_kernel.silu_and_mul,,sweep op=SwiGLU dense
Kimi-K2.7,dense_ffn,SwiGLU act (dense),Prefill,BF16,sweep,prefill_M,16384,"[16384,4608]->[16384,2304]",148.21,,mlp.act_fn,sgl_kernel.silu_and_mul,CUDA,sgl_kernel.silu_and_mul,,sweep op=SwiGLU dense
Kimi-K2.7,dense_ffn,SwiGLU act (dense),Prefill,BF16,sweep,prefill_M,32768,"[32768,4608]->[32768,2304]",244.91,,mlp.act_fn,sgl_kernel.silu_and_mul,CUDA,sgl_kernel.silu_and_mul,,sweep op=SwiGLU dense
Kimi-K2.7,dense_ffn,SwiGLU act (dense),Decode,BF16,reference,,ref,"[16,4608]->[16,2304]",49.89,,mlp.act_fn,sgl_kernel.silu_and_mul,CUDA,silu_and_mul,-,补测; ~49us decode 为启动开销地板(M=16)，非算子瓶颈
Kimi-K2.7,moe,SwiGLU act (moe grouped),Prefill,BF16,reference,,ref,"[196608,512]->[196608,256]",445.74,,experts.act_fn,sgl_kernel.silu_and_mul,CUDA,silu_and_mul,silu_and_mul_masked_post_quant_fwd,补测: MoE 专家激活 (m_sum=384x512)
Kimi-K2.7,moe,SwiGLU act (moe masked),Decode,BF16,reference,,ref,"[1024,2048]->[1024,1024]",50.86,,experts.act_fn,sgl_kernel.silu_and_mul,CUDA,silu_and_mul_masked_post_quant_fwd,-,补测; masked padded; ~49us decode 为启动开销地板(M=16)，非算子瓶颈
Kimi-K2.7,all_layers,Act FP8 quant (hidden),Prefill,BF16->FP8,reference,,ref,"[16384,7168] group=128",158.04,,(pre-GEMM 量化),sglang_per_token_group_quant_fp8,CUDA,"per_token_group_quant_fp8 (UE8M0, col-major)",scaled_fp8_quant,补测: 每个FP8 GEMM前的激活量化(不含在GEMM计时内) || sweep prefill_M[512..32768]: 51–269us (见kimi_k27_sweeps.csv) || 发现: 每个FP8 GEMM前都跑；不含在round-1 GEMM计时内，真实op≈quant+GEMM
Kimi-K2.7,all_layers,Act FP8 quant (hidden),Prefill,BF16->FP8,sweep,prefill_M,512,"[512,7168] group=128",50.58,,(pre-GEMM 量化),sglang_per_token_group_quant_fp8,CUDA,sglang_per_token_group_quant_fp8 (UE8M0),,sweep op=Act FP8 quant
Kimi-K2.7,all_layers,Act FP8 quant (hidden),Prefill,BF16->FP8,sweep,prefill_M,1024,"[1024,7168] group=128",52.84,,(pre-GEMM 量化),sglang_per_token_group_quant_fp8,CUDA,sglang_per_token_group_quant_fp8 (UE8M0),,sweep op=Act FP8 quant
Kimi-K2.7,all_layers,Act FP8 quant (hidden),Prefill,BF16->FP8,sweep,prefill_M,2048,"[2048,7168] group=128",56.67,,(pre-GEMM 量化),sglang_per_token_group_quant_fp8,CUDA,sglang_per_token_group_quant_fp8 (UE8M0),,sweep op=Act FP8 quant
Kimi-K2.7,all_layers,Act FP8 quant (hidden),Prefill,BF16->FP8,sweep,prefill_M,4096,"[4096,7168] group=128",64.15,,(pre-GEMM 量化),sglang_per_token_group_quant_fp8,CUDA,sglang_per_token_group_quant_fp8 (UE8M0),,sweep op=Act FP8 quant
Kimi-K2.7,all_layers,Act FP8 quant (hidden),Prefill,BF16->FP8,sweep,prefill_M,8192,"[8192,7168] group=128",79.53,,(pre-GEMM 量化),sglang_per_token_group_quant_fp8,CUDA,sglang_per_token_group_quant_fp8 (UE8M0),,sweep op=Act FP8 quant
Kimi-K2.7,all_layers,Act FP8 quant (hidden),Prefill,BF16->FP8,sweep,prefill_M,16384,"[16384,7168] group=128",159.46,,(pre-GEMM 量化),sglang_per_token_group_quant_fp8,CUDA,sglang_per_token_group_quant_fp8 (UE8M0),,sweep op=Act FP8 quant
Kimi-K2.7,all_layers,Act FP8 quant (hidden),Prefill,BF16->FP8,sweep,prefill_M,32768,"[32768,7168] group=128",268.9,,(pre-GEMM 量化),sglang_per_token_group_quant_fp8,CUDA,sglang_per_token_group_quant_fp8 (UE8M0),,sweep op=Act FP8 quant
Kimi-K2.7,all_layers,Act FP8 quant (hidden),Decode,BF16->FP8,reference,,ref,"[16,7168] group=128",48.99,,(pre-GEMM 量化),sglang_per_token_group_quant_fp8,CUDA,per_token_group_quant_fp8,scaled_fp8_quant,补测; decode每步都跑; ~49us decode 为启动开销地板(M=16)，非算子瓶颈
Kimi-K2.7,dense_ffn,Act FP8 quant (dense-down-in),Decode,BF16->FP8,reference,,ref,"[16,2304] group=128",48.99,,(down_proj 前量化),sglang_per_token_group_quant_fp8,CUDA,per_token_group_quant_fp8,-,补测; ~49us decode 为启动开销地板(M=16)，非算子瓶颈
Kimi-K2.7,moe,MoE Combine (moe_sum),Prefill,BF16,reference,,ref,"[16384,8,7168]->[16384,7168]",1233.41,,experts (topk 加权求和),sgl_kernel.moe_sum,CUDA,moe_sum,moe_sum_reduce_triton / torch.compile,补测: top-8 专家输出加权归约 + 共享/routed_scaling || sweep prefill_M[512..32768]: 64–2779us (见kimi_k27_sweeps.csv) || 发现: prefill每token代价最陡(32k=2779us)，主要prefill优化目标
Kimi-K2.7,moe,MoE Combine (moe_sum),Prefill,BF16,sweep,prefill_M,512,"[512,8,7168]->[512,7168]",63.91,,experts (topk 加权求和),sgl_kernel.moe_sum,CUDA,sgl_kernel.moe_sum,,sweep op=MoE Combine (moe_sum)
Kimi-K2.7,moe,MoE Combine (moe_sum),Prefill,BF16,sweep,prefill_M,1024,"[1024,8,7168]->[1024,7168]",85.38,,experts (topk 加权求和),sgl_kernel.moe_sum,CUDA,sgl_kernel.moe_sum,,sweep op=MoE Combine (moe_sum)
Kimi-K2.7,moe,MoE Combine (moe_sum),Prefill,BF16,sweep,prefill_M,2048,"[2048,8,7168]->[2048,7168]",168.8,,experts (topk 加权求和),sgl_kernel.moe_sum,CUDA,sgl_kernel.moe_sum,,sweep op=MoE Combine (moe_sum)
Kimi-K2.7,moe,MoE Combine (moe_sum),Prefill,BF16,sweep,prefill_M,4096,"[4096,8,7168]->[4096,7168]",336.08,,experts (topk 加权求和),sgl_kernel.moe_sum,CUDA,sgl_kernel.moe_sum,,sweep op=MoE Combine (moe_sum)
Kimi-K2.7,moe,MoE Combine (moe_sum),Prefill,BF16,sweep,prefill_M,8192,"[8192,8,7168]->[8192,7168]",619.28,,experts (topk 加权求和),sgl_kernel.moe_sum,CUDA,sgl_kernel.moe_sum,,sweep op=MoE Combine (moe_sum)
Kimi-K2.7,moe,MoE Combine (moe_sum),Prefill,BF16,sweep,prefill_M,16384,"[16384,8,7168]->[16384,7168]",1235.82,,experts (topk 加权求和),sgl_kernel.moe_sum,CUDA,sgl_kernel.moe_sum,,sweep op=MoE Combine (moe_sum)
Kimi-K2.7,moe,MoE Combine (moe_sum),Prefill,BF16,sweep,prefill_M,32768,"[32768,8,7168]->[32768,7168]",2778.94,,experts (topk 加权求和),sgl_kernel.moe_sum,CUDA,sgl_kernel.moe_sum,,sweep op=MoE Combine (moe_sum)
Kimi-K2.7,moe,MoE Combine (moe_sum),Decode,BF16,reference,,ref,"[16,8,7168]->[16,7168]",50.86,,experts (topk 加权求和),sgl_kernel.moe_sum,CUDA,moe_sum,moe_sum_reduce,补测; ~49us decode 为启动开销地板(M=16)，非算子瓶颈
Kimi-K2.7,mla,KV_b absorb BMM (H=64),Decode,BF16,reference,,ref,"[16,64,128]x[64,128,512]",50.25,2.67,w_kc (from kv_b),torch.bmm,cuBLAS,torch.bmm bf16,sgl_kernel.bmm_fp8,修正: CSV原行用H=8; DP decode 实为全部64头 (~8x) || sweep decode_B[1..256]: 50–54us (见kimi_k27_sweeps.csv)
Kimi-K2.7,mla,KV_b absorb BMM (H=64),Decode,BF16,sweep,decode_B,1,"[1,64,128]x[64,128,512]",50.25,0.17,w_kc (from kv_b),torch.bmm,cuBLAS,torch.bmm bf16,,sweep op=KV_b absorb BMM H=64
Kimi-K2.7,mla,KV_b absorb BMM (H=64),Decode,BF16,sweep,decode_B,2,"[2,64,128]x[64,128,512]",50.3,0.33,w_kc (from kv_b),torch.bmm,cuBLAS,torch.bmm bf16,,sweep op=KV_b absorb BMM H=64
Kimi-K2.7,mla,KV_b absorb BMM (H=64),Decode,BF16,sweep,decode_B,4,"[4,64,128]x[64,128,512]",50.31,0.67,w_kc (from kv_b),torch.bmm,cuBLAS,torch.bmm bf16,,sweep op=KV_b absorb BMM H=64
Kimi-K2.7,mla,KV_b absorb BMM (H=64),Decode,BF16,sweep,decode_B,8,"[8,64,128]x[64,128,512]",50.18,1.34,w_kc (from kv_b),torch.bmm,cuBLAS,torch.bmm bf16,,sweep op=KV_b absorb BMM H=64
Kimi-K2.7,mla,KV_b absorb BMM (H=64),Decode,BF16,sweep,decode_B,16,"[16,64,128]x[64,128,512]",50.41,2.66,w_kc (from kv_b),torch.bmm,cuBLAS,torch.bmm bf16,,sweep op=KV_b absorb BMM H=64
Kimi-K2.7,mla,KV_b absorb BMM (H=64),Decode,BF16,sweep,decode_B,32,"[32,64,128]x[64,128,512]",51.07,5.26,w_kc (from kv_b),torch.bmm,cuBLAS,torch.bmm bf16,,sweep op=KV_b absorb BMM H=64
Kimi-K2.7,mla,KV_b absorb BMM (H=64),Decode,BF16,sweep,decode_B,64,"[64,64,128]x[64,128,512]",50.8,10.57,w_kc (from kv_b),torch.bmm,cuBLAS,torch.bmm bf16,,sweep op=KV_b absorb BMM H=64
Kimi-K2.7,mla,KV_b absorb BMM (H=64),Decode,BF16,sweep,decode_B,128,"[128,64,128]x[64,128,512]",51.69,20.77,w_kc (from kv_b),torch.bmm,cuBLAS,torch.bmm bf16,,sweep op=KV_b absorb BMM H=64
Kimi-K2.7,mla,KV_b absorb BMM (H=64),Decode,BF16,sweep,decode_B,256,"[256,64,128]x[64,128,512]",53.5,40.14,w_kc (from kv_b),torch.bmm,cuBLAS,torch.bmm bf16,,sweep op=KV_b absorb BMM H=64
Kimi-K2.7,mla,V absorb BMM (H=64),Decode,BF16,reference,,ref,"[16,64,512]x[64,512,128]",50.29,2.67,w_vc (from kv_b),torch.bmm,cuBLAS,torch.bmm bf16,sgl_kernel.bmm_fp8,修正: CSV原行用H=8; DP decode 实为全部64头 (~8x)
Kimi-K2.7,all_layers,FUSION: RMSNorm+FP8量化,both,BF16→FP8,fusion_opportunity,,T1,fused_add_rmsnorm ⊕ per_token_group_quant_fp8,158,,forward_mla.py:231 / layernorm.py,(拟建) fused RMSNorm+fp8 quant,机会,AMD参考: fused_rms_fp8_group_quant,Med,norm出bf16后每个FP8 GEMM前单独量化; 融合省1核+1次hidden往返; 最大最稳收益
Kimi-K2.7,moe,FUSION: moe_sum+routed_scaling+shared_add,both(prefill重),BF16,fusion_opportunity,,T1,moe_sum ⊕ x.add_(scaling) ⊕ shared_output add,1233,,deepseek_v2.py:1548-1560,(拟建) moe_sum epilogue融合,机会,sgl_kernel.moe_sum(现),Med,combine后另有2次elementwise pass; 折入moe_sum尾声; prefill每token代价最陡
Kimi-K2.7,mla,FUSION: q_a+kv_a 双RMSNorm,both,BF16,fusion_opportunity,,T2,q_a_layernorm(1536) ⊕ kv_a_layernorm(512),50,,forward_mla.py:231-232,(拟建) dual-RMSNorm,机会,AMD参考: fused_qk_rmsnorm_bf16,Low-Med,CUDA上是2次rmsnorm(仅stream overlap); 合1核; 与#1合成 norm+quant 单核
Kimi-K2.7,mla,FUSION: RoPE+KV cache写入,both,BF16,fusion_opportunity,,T2,rotary_emb ⊕ set_kv_buffer,49,,forward_mla.py:418,"fused_qk_rope_reshape_and_cache(已有,未接线)",机会,现: rope与set_kv_buffer分离,Med,"该核已存在但未接入CUDA forward_mla; trtllm decode已内融rope+quant, 本项针对prefill"
Kimi-K2.7,mla,FUSION: K路 norm+RoPE,prefill,BF16,fusion_opportunity,,T2,kv_a_layernorm(k_nope) ⊕ rope(k_pe),54,,forward_mla.py,"fused_qk_norm_rope(已有,未用)",机会,现: 分离,Med(部分),K侧相邻可融; Q侧被q_b_proj GEMM隔开只能部分
Kimi-K2.7,mla,"FUSION: 吸收BMM对(w_kc,w_vc)",decode,BF16,fusion_opportunity,,T3,torch.bmm(w_kc) ⊕ torch.bmm(w_vc),50,,forward_mla.py:372-397,(拟建) batched/grouped BMM 或并入attn epilogue,机会,bmm_fp8(量化变体已有),High,两次bmm夹注意力核; 合并省launch; 正确性敏感
Kimi-K2.7,moe,FUSION: gate GEMM+topk 协同,decode,BF16/FP32,fusion_opportunity,,T3,mlp.gate GEMM ⊕ kimi_k2_moe_fused_gate,110,,deepseek_v2.py:354,(拟建) gemm+topk epilogue,机会,现: 背靠背两核,Low,58+52us 背靠背小核; decode launch-bound only
Kimi-K2.7,mla,FUSED: Q_a+KV_a 投影,both,FP8 W8A8,fusion_opportunity,,已融合,Q_a proj ⊕ KV_a proj ⊕ mqa,,,deepseek_v2.py,fused_qkv_a_proj_with_mqa,已融合,单GEMM,-,"现状: 已融合, 勿重复提"
Kimi-K2.7,all_layers,FUSED: 残差add+RMSNorm,both,BF16,fusion_opportunity,,已融合,residual add ⊕ rmsnorm,,,layernorm.py,fused_add_rmsnorm,已融合,-,-,现状: 已融合
Kimi-K2.7,moe,FUSED: 路由 gate+sigmoid+biased topk,both,FP32,fusion_opportunity,,已融合,sigmoid ⊕ biased grouped topk,,,topk.py,kimi_k2_moe_fused_gate,已融合,Kimi专用,-,现状: 已融合
Kimi-K2.7,moe,FUSED: SwiGLU+FP8量化(down输入),both,BF16→FP8,fusion_opportunity,,已融合,silu_and_mul ⊕ per-token fp8 quant,,,deepseek_v2.py:336,silu_and_mul_contig/masked_post_quant,已融合,-,-,现状: 已融合(act+quant)
Kimi-K2.7,mla,FUSED: 最小延迟 fused-a (M≤16),decode,BF16,fusion_opportunity,,已融合,Q_a/KV_a fused-a GEMM,,,deepseek_v2.py:1485,dsv3_fused_a_gemm,已融合,-,-,现状: 已融合
Kimi-K2.7,moe,OVERLAP: 共享专家∥dispatch/combine; q_a∥kv_a norm,both,-,fusion_opportunity,,重叠非融合,alt_stream overlap,,,deepseek_v2.py / forward_mla.py,alt_stream (stream overlap),重叠,-,-,现状: 是流重叠而非核融合
Kimi-K2.7,mla,KV-cache store (MLA),prefill,BF16,recovered,,,n_loc=16384 row=512+64,51.69,,attn_backend.set_mla_kv_buffer,set_mla_kv_buffer_triton [JIT CUDA (n>=768)],CUDA/Triton,set_mla_kv_buffer_triton [JIT CUDA (n>=768)],,"每层写KV latent入paged pool; n>=768走JIT CUDA(bulk cp.async), 否则Triton"
Kimi-K2.7,mla,KV-cache store (MLA),decode,BF16,recovered,,,n_loc=16 row=512+64,51.33,,attn_backend.set_mla_kv_buffer,set_mla_kv_buffer_triton [Triton],CUDA/Triton,set_mla_kv_buffer_triton [Triton],,"每层写KV latent入paged pool; n>=768走JIT CUDA(bulk cp.async), 否则Triton"
Kimi-K2.7,moe,MoE scale TMA-align,prefill,FP32,recovered,,,"[16384,56]",100.9,,moe_runner/deep_gemm.py,tma_align_input_scale (Triton),Triton,tma_align_input_scale (Triton),,deepgemm路径每MoE层对齐激活scale为mn-major TMA布局
Kimi-K2.7,moe,MoE scale TMA-align,decode,FP32,recovered,,,"[16,56]",52.17,,moe_runner/deep_gemm.py,tma_align_input_scale (Triton),Triton,tma_align_input_scale (Triton),,deepgemm路径每MoE层对齐激活scale为mn-major TMA布局
Kimi-K2.7,output,Sampler softmax,decode,FP32,recovered,,,"[16,163840]",154.39,,sampler.py,torch.softmax,torch,torch.softmax,,"采样前对logits[B,vocab]做softmax; 每step一次"
Kimi-K2.7,output,Sampler greedy (argmax),decode,FP32,recovered,,,"[16,163840]",106.89,,sampler.py:128,torch.argmax,torch,torch.argmax,,greedy采样; 每step一次
Kimi-K2.7,output,Sampler top_k_top_p,decode,FP32,recovered,,,"[16,163840] k=50 p=0.9",245.94,,sampler.py:31,flashinfer.top_k_top_p_sampling_from_probs,CUDA(flashinfer),flashinfer.top_k_top_p_sampling_from_probs,,"top-k/top-p采样; 每step一次; B=256达907us, 与整层compute同量级"
Kimi-K2.7,output,Sampler softmax,decode,FP32,recovered,,,"[256,163840]",269.08,,sampler.py,torch.softmax,torch,torch.softmax,,"采样前对logits[B,vocab]做softmax; 每step一次"
Kimi-K2.7,output,Sampler greedy (argmax),decode,FP32,recovered,,,"[256,163840]",154.94,,sampler.py:128,torch.argmax,torch,torch.argmax,,greedy采样; 每step一次
Kimi-K2.7,output,Sampler top_k_top_p,decode,FP32,recovered,,,"[256,163840] k=50 p=0.9",907.26,,sampler.py:31,flashinfer.top_k_top_p_sampling_from_probs,CUDA(flashinfer),flashinfer.top_k_top_p_sampling_from_probs,,"top-k/top-p采样; 每step一次; B=256达907us, 与整层compute同量级"
Kimi-K2.7,moe,GAP: MoE token permute (ep_scatter/ep_gather),both,FP8/BF16,identified_gap,,,ep_scatter/ep_gather/deepep_post_reorder/compute_seg_indptr,,,"ep_moe/kernels.py:838,988",ep_scatter/ep_gather/deepep_post_reorder/compute_seg_indptr,识别未测,,,每MoE层为contiguous grouped GEMM排序/回散token; 需DeepEP dispatch上下文喂真实输入才能忠实测
Kimi-K2.7,all_layers,GAP: TP/DP/EP 集合通信,both,-,identified_gap,,,all_reduce(TP) / all_gather+reduce_scatter(DP attn) / all2all(EP),,,distributed layers,all_reduce(TP) / all_gather+reduce_scatter(DP attn) / all2all(EP),识别未测(多卡),,,非单卡单算子; 需多卡拓扑; decode常是显著占比
Kimi-K2.7,nextn,GAP: MTP/NextN 草稿层,both,混合,identified_gap,,,额外1层 attention+MoE + embed/head 共享,,,deepseek_nextn.py / kimi_k25_eagle3.py,额外1层 attention+MoE + embed/head 共享,识别未测,,,仅在开启投机解码时生效; 整条额外前向路径
Kimi-K2.7,output,GAP: 注意力侧 KV FP8量化,decode,BF16->FP8,identified_gap,,,"scaled_fp8_quant(k,v) trtllm路径",,,"trtllm_mla_backend.py:74,86","scaled_fp8_quant(k,v) trtllm路径",识别未测,,,"trtllm FP8 KV cache时的per-tensor量化; 与act-quant同族, 基本覆盖"
Kimi-K2.7,mla,KV-cache FP8 quant,prefill,BF16->FP8,recovered,,,"[16384,576]",53.81,,trtllm_mla_backend.py:74,scaled_fp8_quant (per-tensor),CUDA,scaled_fp8_quant (per-tensor),,trtllm FP8 KV-cache时对k(压缩latent576)做per-tensor量化; 前几轮遗漏
Kimi-K2.7,mla,KV-cache FP8 quant,decode,BF16->FP8,recovered,,,"[16,576]",49.1,,trtllm_mla_backend.py:74,scaled_fp8_quant (per-tensor),CUDA,scaled_fp8_quant (per-tensor),,trtllm FP8 KV-cache时对k(压缩latent576)做per-tensor量化; 前几轮遗漏
Kimi-K2.7,moe,MoE masked 8bit quant (fused silu+quant),decode,BF16->FP8,recovered,,,"[8,128,2048] masked_m=16",49.4,,moe_runner/deep_gemm.py,sglang_per_token_group_quant_8bit,Triton,sglang_per_token_group_quant_8bit,,MoE decode down输入: silu+8bit量化融合(=silu_and_mul_masked_post_quant); 之前仅并入silu计
Kimi-K2.7,moe,MoE masked 8bit quant (quant only),decode,BF16->FP8,recovered,,,"[8,128,2048] masked_m=16",49.99,,fp8_kernel.py:687,sglang_per_token_group_quant_8bit,Triton,sglang_per_token_group_quant_8bit,,同上但不融silu; 量化本体成本
