op_id,model_family,operator,phase,shape_or_role,attr_and_class,definition_or_instantiation,callsite,ultimate_kernel_or_api,kernel_impl_location,dispatch_switch,unit_test,integration_test,benchmark,notes
1,DSA (DeepSeek V3.2 / Kimi K2.x),Q_a (down-proj),prefill,"[16384,6144]x[6144,2048]","self.fused_qkv_a_proj_with_mqa (ReplicatedLinear); fused with KV_a into one GEMM","python/sglang/srt/layers/linear.py:192 (class); python/sglang/srt/models/deepseek_v2.py:1611 (instantiate)",python/sglang/srt/models/deepseek_common/attention_forward_methods/forward_mha.py:133,"Fp8LinearMethod.apply -> w8a8_block_fp8_linear -> deep_gemm.fp8_gemm_nt (auto) / CUTLASS fp8_blockwise_scaled_mm / Triton; bf16 -> F.linear; small-M bf16 SM>=90 -> dsv3_fused_a_gemm","python/sglang/srt/layers/quantization/fp8_utils.py:432 (dispatch); python/sglang/jit_kernel/fused_a_gemm.py:34; sgl-kernel dsv3_fused_a_gemm",--fp8-gemm-backend {auto|deep_gemm|cutlass|flashinfer_*|triton}; SGLANG_ENABLE_JIT_DEEPGEMM,pytest sgl-kernel/tests/test_fp8_blockwise_gemm.py; pytest sgl-kernel/tests/test_dsv3_fused_a_gemm.py; pytest test/registered/jit/test_dsv3_fused_a_gemm.py,python3 test/manual/mla/test_mla_deepseek_v3.py; python3 test/manual/8-gpu-models/test_deepseek_v3_basic.py,python3 benchmark/kernels/deepseek/benchmark_deepgemm_fp8_gemm.py; python3 test/registered/jit/benchmark/bench_dsv3_fused_a_gemm.py,"Q_a and KV_a share one Linear (packed_modules_mapping); no standalone q_a_proj module. Kimi K2.7: routed here via _KimiK2ConfigAlias (utils/hf_transformers/common.py:136) -> DeepseekV3ForCausalLM"
2,DSA (DeepSeek V3.2 / Kimi K2.x),Q_b (up-proj),prefill,"[16384,2048]x[2048,8*256]","self.q_b_proj (ColumnParallelLinear)","python/sglang/srt/layers/linear.py:289 (class); python/sglang/srt/models/deepseek_v2.py:1619 (instantiate)",python/sglang/srt/models/deepseek_common/attention_forward_methods/forward_mha.py:169,"Fp8LinearMethod.apply -> w8a8_block_fp8_linear (block-fp8); bf16 -> F.linear","python/sglang/srt/layers/quantization/fp8_utils.py:432; python/sglang/srt/layers/quantization/fp8.py:834",--fp8-gemm-backend; SGLANG_NVFP4_CKPT_FP8_GEMM_IN_ATTN,pytest sgl-kernel/tests/test_fp8_blockwise_gemm.py; pytest sgl-kernel/tests/test_fused_qk_norm_rope.py,python3 test/manual/mla/test_mla_deepseek_v3.py,python3 benchmark/kernels/deepseek/benchmark_deepgemm_fp8_gemm.py,"Input pre-normed/quantized by fused_rms_fp8_group_quant on gfx95"
3,DSA (DeepSeek V3.2 / Kimi K2.x),KV_a (down-proj),prefill,"[16384,6144]x[6144,576]","shared with Q_a via self.fused_qkv_a_proj_with_mqa (ReplicatedLinear); KV part sliced out","python/sglang/srt/layers/linear.py:192 (class); python/sglang/srt/models/deepseek_v2.py:1611 (instantiate)",python/sglang/srt/models/deepseek_common/attention_forward_methods/forward_mha.py:226,same GEMM as Q_a (single call yields q_lora + kv_lora + qk_rope); post-op kv_a_layernorm + optional fused_rms_fp8_group_quant,python/sglang/srt/layers/quantization/fp8_utils.py:432,--fp8-gemm-backend,pytest sgl-kernel/tests/test_fp8_blockwise_gemm.py; pytest sgl-kernel/tests/test_dsv3_fused_a_gemm.py,python3 test/manual/mla/test_mla_deepseek_v3.py,python3 benchmark/kernels/deepseek/benchmark_deepgemm_fp8_gemm.py,"Never a standalone GEMM; sliced from fused_qkv_a_proj output"
4,DSA (DeepSeek V3.2 / Kimi K2.x),KV_b (up-proj),prefill,"[16384,512]x[512,8*(192+256)]","self.kv_b_proj (ColumnParallelLinear)","python/sglang/srt/layers/linear.py:289 (class); python/sglang/srt/models/deepseek_v2.py:1684 (instantiate)","python/sglang/srt/models/deepseek_common/attention_forward_methods/forward_mha.py:312-325","Fp8LinearMethod.apply -> block-fp8 GEMM; MXFP4+FP8 -> fused_gemm_afp4wfp4_split_cat (fuses GEMM + nope/v split + k_pe cat); bf16 -> F.linear","python/sglang/srt/layers/quantization/fp8_utils.py:432; sgl_kernel fused_gemm_afp4wfp4_split_cat",--fp8-gemm-backend,pytest sgl-kernel/tests/test_fp8_blockwise_gemm.py,python3 test/manual/mla/test_mla_deepseek_v3.py; python3 test/manual/mla/test_mla_fp8.py,python3 benchmark/kernels/deepseek/benchmark_deepgemm_fp8_gemm.py,"decode path DOES NOT call this Linear; weight is absorbed into w_kc / w_vc at load time (see ops 17-18)"
5,DSA (DeepSeek V3.2 / Kimi K2.x),O_proj,prefill,"[16384,8*256]x[2048,6144]","self.o_proj (RowParallelLinear)","python/sglang/srt/layers/linear.py:1337 (class); python/sglang/srt/models/deepseek_v2.py:1694 (instantiate)",python/sglang/srt/models/deepseek_common/attention_forward_methods/forward_mha.py:344,"Fp8LinearMethod.apply -> block-fp8 GEMM + optional all-reduce; bf16 -> F.linear + all-reduce","python/sglang/srt/layers/quantization/fp8_utils.py:432",--fp8-gemm-backend,pytest sgl-kernel/tests/test_fp8_blockwise_gemm.py,python3 test/manual/mla/test_mla_deepseek_v3.py,python3 benchmark/kernels/deepseek/benchmark_deepgemm_fp8_gemm.py,"reduce_results controlled by constructor arg"
6,DSA (DeepSeek V3.2 / Kimi K2.x),Index_Q,prefill,"[16384,6144]x[6144,32*128=4096]","Indexer.wq_b (ReplicatedLinear) + post-op fused kernel","python/sglang/srt/layers/attention/dsa/dsa_indexer.py:402 (attr); python/sglang/srt/layers/attention/dsa/dsa_indexer.py:343 (class Indexer)","python/sglang/srt/layers/attention/dsa/dsa_indexer.py:561 (dual-stream) / 584 (normal)","Linear GEMM (F.linear or block-fp8); then fused_q_indexer_rope_first_quant (RoPE + FP8 quant + head-gate weight fold) OR act_quant + rotate_activation (Hadamard)","python/sglang/jit_kernel/dsv4/elementwise.py:188 (fused_q_indexer_rope_first_quant); python/sglang/srt/layers/attention/dsa/triton_kernel.py:86 (act_quant fallback)",SGLANG_OPT_USE_DSA_INDEXER_FUSION (default on for CUDA non-neox),pytest test/registered/jit/test_dsv32_indexer_fusion.py; pytest test/registered/kernels/test_dsa_indexer.py,python3 test/manual/test_deepseek_v31.py; python3 test/manual/8-gpu-models/test_dsa_models_basic.py,python3 test/registered/jit/benchmark/bench_dsv4_fp4_indexer.py,"V4 C4Indexer variant lives in python/sglang/srt/layers/attention/dsv4/indexer.py:831"
7,DSA (DeepSeek V3.2 / Kimi K2.x),Index_K,prefill,"[16384,6144]x[6144,128]","Indexer.wk (ReplicatedLinear) OR Indexer.wk_weights_proj (fused K+weights); + fused norm+RoPE+cache-store","python/sglang/srt/layers/attention/dsa/dsa_indexer.py:419 (wk); 411 (wk_weights_proj)","python/sglang/srt/layers/attention/dsa/dsa_indexer.py:573 / 592 (wk); 571 / 590 (fused)","Linear GEMM; then fused_k_indexer_norm_rope_store (LN/RMS + RoPE + FP8 quant + paged cache write) OR fused_k_indexer_norm_rope + separate _store_index_k_cache; ROCm path uses aiter.ops.cache.indexer_k_quant_and_cache","python/sglang/jit_kernel/dsv32/elementwise.py:65 (norm_rope_store); :41 (norm_rope); python/sglang/jit_kernel/fused_store_index_cache.py:69 (fused_store); python/sglang/srt/layers/attention/dsa/dsa_indexer.py:1620 (_store_index_k_cache)",SGLANG_OPT_USE_DSA_INDEXER_FUSION; SGLANG_DSA_USE_FUSED_STORE,pytest test/registered/jit/test_dsv32_indexer_fusion.py; pytest test/registered/kernels/test_dsa_indexer.py; pytest test/manual/layers/attention/dsa/test_act_quant_triton.py,python3 test/manual/test_deepseek_v31.py,,"NPU path: torch.ops.npu.npu_rotary_mul + set_index_k_buffer (dsa_indexer.py:2220)"
8,DSA (DeepSeek V3.2 / Kimi K2.x),Index_Score,prefill,"Q:[16384,32,128] x K:[16384,128] -> [32,16384,16384]",Indexer._get_topk_ragged (+ CP variant _get_topk_ragged_with_cp),python/sglang/srt/layers/attention/dsa/dsa_indexer.py:1090 (ragged); 1378 (with_cp),python/sglang/srt/layers/attention/dsa/dsa_indexer.py:1201-1208,"CUDA default: deep_gemm.fp8_mqa_logits; HIP: aiter.ops.triton.fp8_mqa_logits.fp8_mqa_logits; NPU: torch_npu.npu_lightning_indexer; TileLang fallback: fp8_index; then topk_transform_512_v2 (fused topk + page-table transform)","deep_gemm.fp8_mqa_logits (external); python/sglang/srt/layers/attention/dsa/tilelang_kernel.py:229 (fp8_index); python/sglang/jit_kernel/dsv4/topk.py:86 (topk_transform_512_v2); python/sglang/srt/layers/attention/dsa/dsa_topk_backend.py:75",--dsa-prefill-backend {flashmla_sparse|flashmla_kv|fa3|tilelang|trtllm}; SGLANG_OPT_USE_TOPK_V2,pytest test/registered/kernels/test_dsa_indexer.py; pytest test/registered/kernels/test_deepgemm_paged_mqa_logits.py; pytest test/registered/jit/deepseek_v4/test_topk_v2.py; pytest sgl-kernel/tests/test_topk.py,python3 test/manual/test_deepseek_v31.py; python3 test/manual/8-gpu-models/test_dsa_models_basic.py,python3 test/registered/jit/benchmark/bench_topk.py; python3 benchmark/kernels/deepseek/benchmark_cute_dsl_fp8_paged_mqa_logits.py,"Formula: sum_h(relu(Q_h @ K^T) * weights_h) * k_scale, then topk (typically 2048)"
9,DSA (DeepSeek V3.2 / Kimi K2.x),Dense GateUp (shared expert),prefill,"[16384,6144]x[6144,2*12288/8=3072]","shared_experts.gate_up_proj (MergedColumnParallelLinear)","python/sglang/srt/layers/linear.py:487 (class); python/sglang/srt/models/deepseek_v2.py:252 (instantiate)",python/sglang/srt/models/deepseek_v2.py:340,"Fp8LinearMethod.apply -> w8a8_block_fp8_linear; auto/deep_gemm -> deep_gemm.fp8_gemm_nt; cutlass -> sgl_kernel.fp8_blockwise_scaled_mm; flashinfer_trtllm/cutlass/deepgemm; triton -> w8a8_block_fp8_matmul_triton; NVFP4 fusion path -> nvfp4_gemm_swiglu_nvfp4_quant","python/sglang/srt/layers/quantization/fp8_utils.py:432 (dispatch); python/sglang/srt/layers/quantization/fp8_kernel.py:1280 (deepgemm)","--fp8-gemm-backend; SGLANG_ENABLE_JIT_DEEPGEMM; SGLANG_ENABLE_NVFP4_GEMM_SWIGLU_FUSSION",pytest sgl-kernel/tests/test_fp8_blockwise_gemm.py,python3 test/manual/mla/test_mla_deepseek_v3.py,python3 benchmark/kernels/deepseek/benchmark_deepgemm_fp8_gemm.py; python3 benchmark/kernels/deepseek/benchmark_deepgemm_fp8_gemm_blackwell.py,"intermediate_size = moe_intermediate_size * n_shared_experts"
10,DSA (DeepSeek V3.2 / Kimi K2.x),Dense Down (shared expert),prefill,"[16384,1536]x[1536,6144]","shared_experts.down_proj (RowParallelLinear)","python/sglang/srt/layers/linear.py:1337 (class); python/sglang/srt/models/deepseek_v2.py:261 (instantiate)",python/sglang/srt/models/deepseek_v2.py:429,"Same dispatch as op 9; V4 clamped-swiglu fast path: silu_and_mul_contig_post_quant + deep_gemm_wrapper.gemm_nt_f8f8bf16 (bypasses quant_method.apply)","python/sglang/srt/layers/quantization/fp8_utils.py:432; python/sglang/srt/models/deepseek_v2.py:344-378",--fp8-gemm-backend,pytest sgl-kernel/tests/test_fp8_blockwise_gemm.py,python3 test/manual/mla/test_mla_deepseek_v3.py,python3 benchmark/kernels/deepseek/benchmark_deepgemm_fp8_gemm.py,"1536 shape not matching stock 2048; assumes custom config"
11,DSA (DeepSeek V3.2 / Kimi K2.x),MoE Router,prefill,"[16384,6144]x[6144,256]","mlp.gate (MoEGate; NOT ReplicatedLinear) + TopK","python/sglang/srt/models/deepseek_v2.py:436 (class); 599 (instantiate); python/sglang/srt/layers/moe/topk.py:462 (TopK)","python/sglang/srt/models/deepseek_v2.py:1057 (normal); 950 (dual-stream); 1221 (deepep)","CUDA large-M: linear_bf16_fp32 (torch.mm bf16->fp32 cuBLAS) OR deep_gemm_wrapper.gemm_nt_bf16bf16f32; small-M (<=16): JIT _jit_dsv3_router_gemm; AMD: aiter_dsv3_router_gemm. TopK: biased_grouped_topk_gpu -> sgl_kernel.fused_topk_deepseek OR JIT moe_fused_gate","python/sglang/jit_kernel/dsv3_router_gemm.py:65 (JIT); python/sglang/jit_kernel/dsv4/gemm.py:16 (linear_bf16_fp32); python/sglang/srt/layers/moe/topk.py:1383 (biased_grouped_topk)","SGLANG_OPT_USE_JIT_KERNEL_GROUPED_TOPK; is_deterministic",pytest test/registered/jit/test_dsv3_router_gemm.py; pytest sgl-kernel/tests/test_moe_topk_sigmoid.py; pytest test/registered/kernels/test_fused_topk_deepseek.py,python3 test/manual/test_deepseek_v31.py,python3 test/registered/jit/benchmark/bench_dsv3_router_gemm.py; python3 benchmark/kernels/deepseek/benchmark_deepgemm_dsv3_router_gemm_blackwell.py,"No Gaussian noise; e_score_correction_bias is noaux_tc learned bias"
12,DSA (DeepSeek V3.2 / Kimi K2.x),MoE GateUp GroupGEMM,prefill,"256 x [M_e,6144]x[6144,2*2048/8=512], M_e~512","experts.w13_weight (FusedMoE or DeepEPMoE)","python/sglang/srt/layers/moe/fused_moe_triton/layer.py:138 (FusedMoE); python/sglang/srt/layers/moe/ep_moe/layer.py:49 (DeepEPMoE); python/sglang/srt/models/deepseek_v2.py:624 (instantiate)","python/sglang/srt/models/deepseek_v2.py:1105 (normal); 982 (dual-stream); 1398 (deepep)","DeepEP NORMAL: deep_gemm.m_grouped_fp8_gemm_nt_contiguous (DeepGemmRunnerCore._run_contiguous_gemm); TP-only Triton: fused_experts -> invoke_fused_moe_kernel; cutlass: cutlass_fused_experts_fp8; flashinfer_trtllm/cutedsl variants","python/sglang/srt/layers/moe/moe_runner/deep_gemm.py:164; deep_gemm_wrapper.entrypoint.py:112; python/sglang/srt/layers/moe/moe_runner/triton_utils/fused_moe.py:227; python/sglang/srt/layers/quantization/fp8.py:1998","--moe-a2a-backend {none|deepep|mooncake|nixl|mori|flashinfer|megamoe}; --moe-runner-backend {auto|deep_gemm|triton|flashinfer_trtllm|cutlass|flashinfer_cutedsl|triton_kernels}; --deepep-mode {auto|normal|low_latency}; SGLANG_ENABLE_JIT_DEEPGEMM",pytest sgl-kernel/tests/test_fp8_blockwise_moe.py; pytest test/registered/moe/test_moe_runners_1gpu.py; pytest test/registered/moe/test_moe_runners_4gpu.py; pytest test/registered/moe/test_fused_moe.py; pytest test/registered/moe/test_triton_fused_moe.py; pytest test/registered/moe/test_cutedsl_moe.py; pytest test/registered/moe/test_moe_ep.py,python3 test/manual/test_deepseek_v31.py,python3 benchmark/kernels/deepseek/benchmark_deepgemm_fp8_group_gemm.py; python3 benchmark/kernels/fused_moe_triton/benchmark_sglang_fused_moe_triton.py; python3 benchmark/kernels/deepep/tuning_deepep.py,"is_extend_in_batch=True forces NORMAL mode (contiguous grouped GEMM)"
13,DSA (DeepSeek V3.2 / Kimi K2.x),MoE Down GroupGEMM,prefill,"256 x [M_e,intermediate/TP=256]x[256,6144]","experts.w2_weight",python/sglang/srt/layers/moe/fused_moe_triton/layer.py:138; python/sglang/srt/models/deepseek_v2.py:624,same as op 12 (second GEMM in the runner),"NORMAL: deep_gemm.m_grouped_fp8_gemm_nt_contiguous (deep_gemm.py:286); silu+quant between GEMMs via silu_and_mul_contig_post_quant","python/sglang/srt/layers/moe/moe_runner/deep_gemm.py:286; deep_gemm_wrapper.entrypoint.py:112","--moe-a2a-backend; --moe-runner-backend; --deepep-mode",pytest sgl-kernel/tests/test_fp8_blockwise_moe.py; pytest test/registered/moe/test_moe_runners_1gpu.py; pytest test/registered/moe/test_moe_runners_4gpu.py,python3 test/manual/test_deepseek_v31.py,python3 benchmark/kernels/deepseek/benchmark_deepgemm_fp8_group_gemm.py,"Middle dim 256 = moe_intermediate_size (2048) / TP (8), NOT expert count"
14,DSA (DeepSeek V3.2 / Kimi K2.x),Q_a (down-proj),decode,"[16,6144]x[6144,2048]",same as op 1 (fused_qkv_a_proj_with_mqa),same as op 1,python/sglang/srt/models/deepseek_common/attention_forward_methods/forward_mla.py:284,"Small-M SM>=90 bf16 -> dsv3_fused_a_gemm (M=16 triggers); otherwise same as op 1","python/sglang/jit_kernel/fused_a_gemm.py:34; sgl_kernel.dsv3_fused_a_gemm",use_min_latency_fused_a_gemm (auto),pytest sgl-kernel/tests/test_dsv3_fused_a_gemm.py; pytest test/registered/jit/test_dsv3_fused_a_gemm.py; pytest test/registered/jit/test_cutedsl_dsv3_fused_a_gemm.py,python3 test/manual/mla/test_mla_deepseek_v3.py,python3 test/registered/jit/benchmark/bench_dsv3_fused_a_gemm.py,"M=16 typically hits fast path"
15,DSA (DeepSeek V3.2 / Kimi K2.x),Q_b (up-proj),decode,"[16,2048]x[2048,16384]",same as op 2,same as op 2,python/sglang/srt/models/deepseek_common/attention_forward_methods/forward_mla.py:383,same as op 2,python/sglang/srt/layers/quantization/fp8_utils.py:432,--fp8-gemm-backend,pytest sgl-kernel/tests/test_fp8_blockwise_gemm.py,python3 test/manual/mla/test_mla_deepseek_v3.py,python3 benchmark/kernels/deepseek/benchmark_deepgemm_fp8_gemm.py,
16,DSA (DeepSeek V3.2 / Kimi K2.x),KV_a (down-proj),decode,"[16,6144]x[6144,576]",same as op 3,same as op 3,python/sglang/srt/models/deepseek_common/attention_forward_methods/forward_mla.py:292,same as op 3,python/sglang/srt/layers/quantization/fp8_utils.py:432,--fp8-gemm-backend,pytest sgl-kernel/tests/test_dsv3_fused_a_gemm.py,python3 test/manual/mla/test_mla_deepseek_v3.py,python3 benchmark/kernels/deepseek/benchmark_deepgemm_fp8_gemm.py,
17,DSA (DeepSeek V3.2 / Kimi K2.x),q_nope absorb BMM,decode,"[16,64,192]x[64,192,512]","self.w_kc (precomputed from kv_b_proj at weight-load)","python/sglang/srt/models/deepseek_v2.py:1761-1767 (attrs); python/sglang/srt/models/deepseek_common/deepseek_weight_loader.py:628-666 (precompute)","python/sglang/srt/models/deepseek_common/attention_forward_methods/forward_mla.py:449-538","CUDA bf16 default: torch.bmm; CUDA FP8 per-tensor: bmm_fp8 (sgl_kernel.bmm_fp8); DeepGEMM block-FP8: grouped_gemm_nt_f8f8bf16_masked; ROCm gfx95 MXFP4: batched_gemm_afp4wfp4_pre_quant; ROCm gfx95 FP8: batched_gemm_a8w8_a_per_token_group_prequant_w_per_batched_tensor_quant; fused into attention: mla_bmm_then_unified_attention","python/sglang/srt/models/deepseek_common/attention_forward_methods/forward_mla.py:93-108 (bmm_fp8 wrapper); sgl_kernel.bmm_fp8; deep_gemm.fp8_m_grouped_gemm_nt_masked",SGL_USE_DEEPGEMM_BMM (load-time),pytest sgl-kernel/tests/test_bmm_fp8.py,python3 test/manual/mla/test_mla_fp8.py; python3 test/manual/mla/test_mla_deepseek_v3.py,,"_can_fuse_bmm_into_attention (forward_mla.py:205) gates attention-fusion; disabled for deepgemm_bmm/hip/FP8"
18,DSA (DeepSeek V3.2 / Kimi K2.x),v absorb BMM,decode,"[16,64,512]x[64,512,256]","self.w_vc (same precomputation)",same as op 17,"python/sglang/srt/models/deepseek_common/attention_forward_methods/forward_mla.py:822-973","Symmetrical to op 17: torch.bmm / bmm_fp8 / grouped_gemm_nt_f8f8bf16_masked / batched_gemm_afp4wfp4 / batched_gemm_a8w8",same as op 17,SGL_USE_DEEPGEMM_BMM,pytest sgl-kernel/tests/test_bmm_fp8.py,python3 test/manual/mla/test_mla_fp8.py; python3 test/manual/mla/test_mla_deepseek_v3.py,,
19,DSA (DeepSeek V3.2 / Kimi K2.x),O_proj,decode,"[16,16384]x[16384,6144]",same as op 5,same as op 5,python/sglang/srt/models/deepseek_common/attention_forward_methods/forward_mla.py:986,same as op 5,python/sglang/srt/layers/quantization/fp8_utils.py:432,--fp8-gemm-backend,pytest sgl-kernel/tests/test_fp8_blockwise_gemm.py,python3 test/manual/mla/test_mla_deepseek_v3.py,python3 benchmark/kernels/deepseek/benchmark_deepgemm_fp8_gemm.py,
20,DSA (DeepSeek V3.2 / Kimi K2.x),Index_Q,decode,"[16,6144]x[6144,4096]",same as op 6,same as op 6,same as op 6,same as op 6,same as op 6,SGLANG_OPT_USE_DSA_INDEXER_FUSION,pytest test/registered/jit/test_dsv32_indexer_fusion.py; pytest test/registered/kernels/test_dsa_indexer.py,python3 test/manual/test_deepseek_v31.py; python3 test/manual/8-gpu-models/test_dsa_models_basic.py,python3 test/registered/jit/benchmark/bench_dsv4_fp4_indexer.py,
21,DSA (DeepSeek V3.2 / Kimi K2.x),Index_K,decode,"[16,6144]x[6144,128]",same as op 7,same as op 7,same as op 7,same as op 7,same as op 7,SGLANG_DSA_USE_FUSED_STORE,pytest test/registered/jit/test_dsv32_indexer_fusion.py; pytest test/registered/kernels/test_dsa_indexer.py,python3 test/manual/test_deepseek_v31.py,,
22,DSA (DeepSeek V3.2 / Kimi K2.x),Index_Score,decode,"Q:[16,32,128] x K_cache:[B,T,128]",Indexer._get_topk_paged,python/sglang/srt/layers/attention/dsa/dsa_indexer.py:863,python/sglang/srt/layers/attention/dsa/dsa_indexer.py:965-1020,"CUDA auto/deepgemm: deep_gemm.fp8_paged_mqa_logits (deepgemm_paged_mqa_logits_native or _split); ROCm: aiter.ops.triton.pa_mqa_logits.deepgemm_fp8_paged_mqa_logits; Blackwell SM100: CuteDSLPagedMQALogitsRunner.forward; NPU: torch_npu.npu_lightning_indexer; topk: metadata.topk_transform -> topk_transform_512_v2","python/sglang/jit_kernel/dsa/paged_mqa_logits.py:10-152; deep_gemm.fp8_paged_mqa_logits; python/sglang/jit_kernel/dsv4/topk.py:86","--dsa-paged-mqa-logits-backend {auto|deepgemm|aiter|cutedsl}; SGLANG_OPT_USE_TOPK_V2",pytest test/registered/kernels/test_deepgemm_paged_mqa_logits.py; pytest test/registered/kernels/test_cute_dsl_fp8_paged_mqa_logits.py; pytest test/registered/kernels/test_sm120_paged_mqa_logits.py; pytest test/registered/kernels/test_dsa_indexer.py; pytest test/registered/jit/deepseek_v4/test_topk_v2.py,python3 test/manual/test_deepseek_v31.py; python3 test/manual/8-gpu-models/test_dsa_models_basic.py,python3 benchmark/kernels/deepseek/benchmark_cute_dsl_fp8_paged_mqa_logits.py; python3 test/registered/jit/benchmark/bench_topk.py,"init/local token mask (_mask_init_and_local_tokens) forces sink/local to +inf pre-topk"
23,DSA (DeepSeek V3.2 / Kimi K2.x),MoE Router,decode,"[16,6144]x[6144,256]",same as op 11,same as op 11,"python/sglang/srt/models/deepseek_v2.py:1221 (deepep path)","Decode M=16 triggers _jit_dsv3_router_gemm (SM100/103 M<=4; others M<=16); AMD: aiter_dsv3_router_gemm","python/sglang/jit_kernel/dsv3_router_gemm.py:65",SGLANG_OPT_USE_JIT_KERNEL_GROUPED_TOPK,pytest test/registered/jit/test_dsv3_router_gemm.py,python3 test/manual/test_deepseek_v31.py,python3 test/registered/jit/benchmark/bench_dsv3_router_gemm.py,
24,DSA (DeepSeek V3.2 / Kimi K2.x),MoE GateUp GroupGEMM,decode,"8 x [M_local,6144]x[6144,4096], M_local~16","experts.w13_weight (DeepEPMoE, LOW_LATENCY)",same as op 12,"python/sglang/srt/models/deepseek_v2.py:1398 (forward_deepep)","DeepGemmRunnerCore._run_masked_gemm -> deep_gemm.fp8_m_grouped_gemm_nt_masked (MASKED). is_extend_in_batch=False + AUTO -> LOW_LATENCY. Runner NOT swapped under cuda graph, only DeepEP mode NORMAL->LOW_LATENCY. Triton fallback: fused_experts (moe_runner_backend=triton or no A2A). BF16 fallback: SGLANG_DEEPEP_BF16_DISPATCH -> Triton","python/sglang/srt/layers/moe/moe_runner/deep_gemm.py:362 (_run_masked_gemm); deep_gemm_wrapper.entrypoint.py:27; python/sglang/srt/layers/moe/token_dispatcher/deepep.py:975","--moe-a2a-backend {deepep|mooncake|nixl|mori}; --moe-runner-backend {auto|deep_gemm|triton}; --deepep-mode {auto|low_latency}; SGLANG_DEEPEP_BF16_DISPATCH (forces Triton); SGLANG_DEEPEP_NUM_MAX_DISPATCH_TOKENS_PER_RANK",pytest sgl-kernel/tests/test_fp8_blockwise_moe.py; pytest test/registered/moe/test_moe_runners_1gpu.py; pytest test/registered/moe/test_moe_runners_4gpu.py; pytest test/registered/moe/test_moe_ep.py; pytest test/registered/moe/test_cutedsl_moe.py,python3 test/manual/test_deepseek_v31.py; python3 test/registered/models_e2e/test_deepseek_v3_mtp.py,python3 benchmark/kernels/deepseek/benchmark_deepgemm_fp8_group_gemm.py; python3 benchmark/kernels/deepep/tuning_deepep.py,"Critical: cuda-graph does NOT switch runner to Triton; masked grouped GEMM fires under cuda-graph"
25,DSA (DeepSeek V3.2 / Kimi K2.x),MoE Down GroupGEMM,decode,"[M_local,2048]x[2048,6144]",same as op 24 (experts.w2_weight),same as op 24,same as op 24,"_run_masked_gemm second GEMM: deep_gemm.fp8_m_grouped_gemm_nt_masked; between GEMMs: _varlen_deep_gemm_silu_mul_quant","python/sglang/srt/layers/moe/moe_runner/deep_gemm.py:478",same as op 24,pytest sgl-kernel/tests/test_fp8_blockwise_moe.py; pytest test/registered/moe/test_moe_runners_1gpu.py,python3 test/manual/test_deepseek_v31.py,python3 benchmark/kernels/deepseek/benchmark_deepgemm_fp8_group_gemm.py,
26,DSA (DeepSeek V3.2 / Kimi K2.x),Flash Decoding (sparse) MQA,decode,"q_absorbed:[1,64,16,512] x c_kv:[1,1,2048,512]->[1,64,16,512]","DeepseekSparseAttnBackend.forward_decode -> _forward_flashmla_sparse","python/sglang/srt/layers/attention/dsa_backend.py:331 (class); attention_registry.py:111 (register); dsa_backend.py:2036 (forward_decode)","python/sglang/srt/layers/attention/dsa_backend.py:2232 (_forward_flashmla_sparse)","flashmla_sparse: sgl_kernel.flash_mla.flash_mla_sparse_fwd -> torch.ops.sgl_kernel.sparse_prefill_fwd (dedicated DSA sparse kernel); flashmla_kv: flash_mla_with_kvcache (sparse_decode_fwd, FP8 KV); fa3: flash_attn_with_kvcache; tilelang: tilelang_sparse_fwd; aiter: aiter.mla.mla_decode_fwd; trtllm: flashinfer.decode.trtllm_batch_decode_with_kv_cache_mla","sgl-kernel/python/sgl_kernel/flash_mla.py:310 (flash_mla_sparse_fwd); :87 (flash_mla_with_kvcache); python/sglang/srt/layers/attention/dsa/tilelang_kernel.py (tilelang_sparse_fwd)","--attention-backend dsa; --dsa-decode-backend {flashmla_sparse|flashmla_kv|fa3|tilelang|aiter|trtllm}; SGLANG_DSA_FUSE_TOPK",pytest sgl-kernel/tests/test_flash_attn_sparse.py; pytest sgl-kernel/tests/test_flashmla.py; pytest test/registered/kernels/test_flash_mla_backends.py; pytest test/registered/mla/test_flashmla.py,python3 test/manual/test_deepseek_v31.py; python3 test/manual/8-gpu-models/test_dsa_models_basic.py,,"Your shape (MQA k_head=1, page=1, topk) exactly matches flashmla_sparse. topk_indices from op 22 becomes indices arg via transform_index_page_table_decode"
27,DSA (DeepSeek V3.2 / Kimi K2.x),FlashAttn causal MHA,prefill,"Q:[1,8,16384,256] K/V:[1,8,16384,256]->[1,8,16384,256]","FlashAttentionBackend.forward_extend (fa_impl_ver=3)","python/sglang/srt/layers/attention/flashattention_backend.py:201 (class); :226 (fa_impl_ver=3)","python/sglang/srt/layers/attention/flashattention_backend.py:999 (forward_extend); :1160-1300 (MHA branch)","Default paged: sgl_kernel.flash_attn.flash_attn_with_kvcache; no-KV-cache: flash_attn_varlen_func. DSA MHA_ONE_SHOT: flashinfer.prefill.trtllm_ragged_attention_deepseek (SM100+) or flash_attn_varlen_func (SM90). causal=True passed to kernel","sgl-kernel flash_attn; python/sglang/srt/layers/attention/dsa_backend.py:2342 (_forward_standard_mha DSA variant)","--attention-backend {fa3|flashinfer|flashmla|dsa}",pytest sgl-kernel/tests/test_flash_attention.py; pytest test/registered/attention/test_flash_attention_4.py; pytest test/registered/attention/test_hybrid_attn_backend.py,python3 test/manual/mla/test_mla_deepseek_v3.py; python3 test/manual/test_deepseek_v31.py,,"head_dim=256 restricts fp8 KV"
28,MiniMax M3 (external EntryClass),Main Q/K/V projections,both,"per-head GQA: q [T, num_q_heads, qk_head_dim]; kv [T, num_kv_heads, head_dim] (NOT MLA)","External model layer (SGLANG_EXTERNAL_MODEL_PACKAGE); attribute names unknown","External (repo has no MiniMaxM3Sparse* class); sglang registry only provides infrastructure",External model forward,"Standard Linear (ReplicatedLinear/ColumnParallelLinear/QKVParallelLinear) with any quant method (Fp8LinearMethod / UnquantizedLinearMethod / ModelSlim / Quark) - depends on external impl. Follows same dispatch as any GQA model.","python/sglang/srt/layers/linear.py:143 (LinearBase)","--quantization; SGLANG_EXTERNAL_MODEL_PACKAGE",n/a (external),n/a (external),,"M3 is NOT MLA. Main attention is per-head GQA (num_q_heads % num_kv_heads == 0). Confirmed via minimax_sparse.py:30-62 signature and prefill/topk_sparse.py:289-291 assertion. No q_a/q_b/kv_a/kv_b low-rank compression."
29,MiniMax M3 (external EntryClass),Sparse Indexer Q projection (idx_q),both,"[T, num_idx_heads, idx_head_dim]",External model produces idx_q as separate tensor,External model layer,External model forward,"Standard Linear GEMM in external model; optionally fused with RMSNorm+RoPE via minimax_qknorm_rope (CUDA) or qk_gemma_rmsnorm_rope (ROCm)","python/sglang/jit_kernel/minimax_qknorm_rope.py:152 (CUDA); python/sglang/jit_kernel/minimax_m3/qk_norm_rope.py:99 (ROCm)",no explicit gate,pytest test/registered/jit/minimax/test_minimax_qknorm_rope.py; pytest test/registered/jit/test_minimax_m3_qk_norm_rope.py,n/a (external model),python3 test/registered/jit/benchmark/minimax/bench_minimax_qknorm_rope.py,"num_idx_heads may > num_kv_heads; topk_index_reduce (common/index.py:4) reduces to kv-head topk if so"
30,MiniMax M3 (external EntryClass),Sparse Indexer K/V cache write,both,"paged: [max_slots, 1, idx_head_dim]",MiniMaxSparseKVPool.set_index_k_buffer / set_index_kv_buffer / set_fused_kv_index_buffer,"python/sglang/srt/mem_cache/memory_pool.py:3538 (class); 3743-3761 (set_index_k); 3717-3741 (set_index_kv); 3788 (set_fused_kv_index)","External model attention forward","Non-fused: separate memcpy into pool.index_k_pool.k_buffer[mapped_id][loc]; Fused single-launch: store_kv_index (jit CUDA) writes main K/V + idx K [+ idx V] in one launch","python/sglang/jit_kernel/minimax_store_kv_index.py:31 (entry); csrc/minimax/fused_store_kv_index.cuh (kernel)",SGLANG_OPT_USE_MINIMAX_FUSED_KV_INDEX_STORE (default True; gated on CUDA + uniform dtype + 16B-aligned head),pytest test/registered/jit/minimax/test_minimax_store_kv_index.py; pytest test/registered/unit/mem_cache/test_minimax_sparse_pool_host_unit.py; pytest test/registered/unit/mem_cache/test_minimax_sparse_pool_pd_unit.py,n/a (external model),python3 test/registered/jit/benchmark/minimax/bench_minimax_store_kv_index.py,"Fallback: separate set_kv_buffer + set_index_k/kv_buffer (memory_pool.py:3830). K-only sparse layers use index_k_pool (MHATokenToKOnlyPool); K+V layers use index_kv_pool (MHATokenToKVPool). Split by config sparse_disable_index_value."
31,MiniMax M3 (external EntryClass),Sparse Indexer Score (prefill),prefill,"idx_q x idx_k -> per-block score [T, num_idx_heads, num_blocks]; topk in same kernel",flash_prefill_with_topk_index (orchestrator entry),python/sglang/srt/layers/attention/minimax_sparse_ops/prefill/flash_with_topk_idx.py:417,"python/sglang/srt/layers/attention/minimax_sparse_ops/minimax_sparse.py:78","Triton autotuned _flash_attn_fwd_with_block_score_kernel (single-launch: score max/lse + inline topk_idx)","python/sglang/srt/layers/attention/minimax_sparse_ops/prefill/flash_with_topk_idx.py:62 (kernel); :491 (launch)",sparse_score_type in config ('max' or 'lse'),(no in-repo prefill unit test; use E1 decode tests for algorithm coverage),n/a (external model),,
32,MiniMax M3 (external EntryClass),Sparse Indexer Score + topk (decode),decode,"idx_q x idx_k_cache -> score [num_heads, batch, max_seqblock] -> topk_idx [num_heads, batch, topk]",flash_decode_with_topk_idx (orchestrator entry),python/sglang/srt/layers/attention/minimax_sparse_ops/decode/flash_with_topk_idx.py:752,"python/sglang/srt/layers/attention/minimax_sparse_ops/minimax_sparse.py:207","Triton _decode_score_kernel (autotuned, launched at :837); then one of 3 topk paths: (a) dense-page-table fused: minimax_decode_topk_page_table (JIT CUDA) if use_dense_main_attn; (b) radix JIT: minimax_decode_topk (JIT CUDA) if SGLANG_OPT_USE_MINIMAX_DECODE_TOPK_RADIX + score.shape[2]<=4096 + topk<=32; (c) fallback 2-step Triton _topk_index_partial_kernel + _topk_index_merge_kernel","python/sglang/srt/layers/attention/minimax_sparse_ops/decode/flash_with_topk_idx.py:39 (score kernel); :540 (partial); :669 (merge); python/sglang/jit_kernel/minimax_decode_topk.py:43 (radix), :75 (page_table); csrc/minimax/minimax_decode_topk.cuh:270 (radix kernel), :319 (page_table kernel)","SGLANG_OPT_USE_MINIMAX_DECODE_TOPK_RADIX (default True) + shape gates; use_dense_main_attn flag from orchestrator","pytest python/sglang/srt/layers/attention/minimax_sparse_ops/tests/test_flash_with_topk_idx.py; pytest test/registered/jit/minimax/test_minimax_decode_topk.py; pytest test/registered/jit/minimax/test_minimax_decode_topk_page_table.py",n/a (external model),python3 test/registered/jit/benchmark/minimax/bench_minimax_decode_topk.py,"Multi-head reduce: topk_index_reduce (common/index.py:4) when num_idx_heads > num_kv_heads (called at minimax_sparse.py:107 for prefill, :236 for decode)"
33,MiniMax M3 (external EntryClass),Main Sparse Attention (prefill),prefill,"q x paged k_cache/v_cache under topk_idx (GQA-share)",flash_prefill_with_gqa_share_sparse (Triton) OR msa_sparse_prefill_main (MSA fmha_sm100 drop-in),"python/sglang/srt/layers/attention/minimax_sparse_ops/prefill/topk_sparse.py:258 (Triton); python/sglang/srt/layers/attention/minimax_sparse_ops/msa.py:92 (MSA)","python/sglang/srt/layers/attention/minimax_sparse_ops/minimax_sparse.py:117 (MSA) / 132,151 (Triton fallback)","Triton kernel in prefill/topk_sparse.py; OR external fmha_sm100 (Blackwell SM100 B200/B300 only)","python/sglang/srt/layers/attention/minimax_sparse_ops/prefill/topk_sparse.py (triton); python/sglang/srt/layers/attention/minimax_sparse_ops/msa.py:142 (fmha_sm100 call)","msa_available() (SM100 + fmha_sm100 importable + sink is None); fall back to Triton on MSAUnavailableError",(no in-repo prefill unit test for step-3),n/a (external model),,"Naive PyTorch reference: naive/topk_sparse.py:8 (naive_flash_decode_with_gqa_share_sparse). fmha_sm100 is an external CUDA op imported at msa.py:19-29"
34,MiniMax M3 (external EntryClass),Main Sparse Attention (decode),decode,"q x paged k_cache/v_cache under topk_idx (GQA-share)",flash_decode_with_gqa_share_sparse (Triton) OR msa_sparse_decode_main (MSA fmha_sm100 drop-in) OR external dense-main-attn backend (fa3/trtllm_mha via page table),"python/sglang/srt/layers/attention/minimax_sparse_ops/decode/topk_sparse.py:299 (Triton); python/sglang/srt/layers/attention/minimax_sparse_ops/msa.py:316 (MSA)","python/sglang/srt/layers/attention/minimax_sparse_ops/minimax_sparse.py:245 (MSA) / 260,273 (Triton fallback); dense_main_attn_fn parameter (external hook)","Triton kernel in decode/topk_sparse.py; OR external fmha_sm100 (SM100 eager-only, NOT cuda-graph safe for decode); OR external dense paged backend called via page table from minimax_decode_topk_page_table","python/sglang/srt/layers/attention/minimax_sparse_ops/decode/topk_sparse.py (triton); python/sglang/srt/layers/attention/minimax_sparse_ops/msa.py:362 (fmha_sm100 call)","msa_available(); dense_main_attn_fn from external caller","pytest python/sglang/srt/layers/attention/minimax_sparse_ops/tests/test_sparse_gqa.py",n/a (external model),,"MSA decode NOT cuda-graph safe (msa.py:194-209). Eager plan helpers: build_msa_decode_cg_plan (:238), update_msa_decode_cg_meta (:272). Naive reference: naive/flash_with_topk_idx.py:9"
35,MiniMax M3 (external EntryClass),Fused Gemma-RMSNorm + partial RoPE (main+index),both,"Q [T, num_heads, head_dim] + K [T, num_kv_heads, head_dim] (+ optional idx_q, idx_k)","Called by external model layer; entry functions in JIT kernels","python/sglang/jit_kernel/minimax_qknorm_rope.py:152 (CUDA main-only, layout [q|k|v]); :96 (CUDA grouped up to 4 groups); python/sglang/jit_kernel/minimax_m3/qk_norm_rope.py:99 (ROCm main); :298 (ROCm main+sparse-idx fused); :562 (ROCm cache-writing variant)",External model forward (no in-repo caller of minimax_qknorm_rope*),"CUDA: JIT via _fused_gemma_qknorm_rope (jit_kernel/minimax_qknorm_rope.py:51) -> C++ csrc/minimax/fused_gemma_qknorm_rope.cuh; ROCm: Triton _qk_gemma_rmsnorm_rope_kernel / _sparse_qk_index_gemma_rmsnorm_rope_kernel","python/sglang/jit_kernel/csrc/minimax/fused_gemma_qknorm_rope.cuh; python/sglang/jit_kernel/minimax_m3/qk_norm_rope.py:12,151,373 (Triton kernels)",Auto (no env gate on the kernel itself; caller selects fused vs unfused),pytest test/registered/jit/minimax/test_minimax_qknorm_rope.py (CUDA); pytest test/registered/jit/test_minimax_m3_qk_norm_rope.py (ROCm),n/a (external model),python3 test/registered/jit/benchmark/minimax/bench_minimax_qknorm_rope.py,"CUDA and ROCm are DIFFERENT implementations; ROCm variants NOT exported from jit_kernel/minimax_m3/__init__.py"
36,MiniMax M3 (external EntryClass),Gemma-RMSNorm (standalone),both,"[*, hidden] fp32 math","External model layer",python/sglang/jit_kernel/minimax_m3/rmsnorm.py:96 (gemma_rmsnorm); :118 (gemma_fused_add_rmsnorm),"External model forward (NOTE: layernorm.py imports gemma_rmsnorm from sgl_kernel C++ - a DIFFERENT implementation; minimax_m3.rmsnorm has NO in-repo caller)","Triton _gemma_rmsnorm_kernel / _gemma_fused_add_rmsnorm_kernel","python/sglang/jit_kernel/minimax_m3/rmsnorm.py:19 (rmsnorm); :47 (fused_add_rmsnorm)","ROCm only (gfx94x/gfx95x)",pytest python/sglang/jit_kernel/tests/test_minimax_m3_rmsnorm.py,n/a (external model),,"Ambiguous: layernorm.py:88-91 uses sgl_kernel.gemma_rmsnorm (C++), NOT this Triton one. The Triton version is exercised only by its own test."
37,MiniMax M3 (external EntryClass),MoE Router + TopK,both,"[T,H]x[H,num_experts]",Standard sglang FusedMoE router (no M3-specific override),python/sglang/srt/layers/moe/topk.py; python/sglang/srt/models/... (external model MoE layer),External model forward,Standard cuBLAS / DeepGEMM / _jit_dsv3_router_gemm dispatch; TopK: standard FusedMoE topk (sigmoid + routed_scaling_factor folded into topk_weights),python/sglang/srt/layers/moe/topk.py; python/sglang/jit_kernel/dsv3_router_gemm.py:65,--moe-runner-backend; standard MoE flags,pytest sgl-kernel/tests/test_moe_topk_sigmoid.py; pytest test/registered/kernels/test_fused_topk_deepseek.py,n/a (external model),,"M3 uses sigmoid routing with apply_routed_scaling_factor_on_output=True; routed_scaling_factor already folded into topk_weights by topk kernel (comment: mxfp8_moe_amd_gfx95.py:408-411). MoE entry intentionally does NOT re-apply it."
38,MiniMax M3 (external EntryClass),MoE MXFP8 GateUp/Act/Down (ROCm gfx95),both,"E x [M_e, H] x [H, 2I] (MXFP8 e4m3 + E8M0 scales)","fused_experts_mxfp8 (main entry) -> fused_moe_mxfp8_native (per-batch)","python/sglang/srt/layers/moe/moe_runner/triton_utils/mxfp8_moe_amd_gfx95.py:358 (fused_experts_mxfp8); :247 (fused_moe_mxfp8_native)","python/sglang/srt/layers/moe/moe_runner/triton.py:91 (called from TritonRunnerCore); gate: quant_info.use_mxfp8 + is_hip() + is_gfx95_supported() (triton.py:86)","Native ROCm MXFP8 dot_scaled group-GEMM + SwiGLU-OAI + optional MXFP8 quant; MoE combine either .sum or fused Triton _combine_topk_routes_kernel","python/sglang/srt/layers/moe/moe_runner/triton_utils/mxfp8_moe_amd_gfx95.py; JSON config at configs/minimax_m3_gfx950_mxfp8_compact_moe.json","ROCm gfx950 hard gate; SGLANG_MINIMAX_M3_FUSED_MOE_COMBINE (default off, fuses combine)",pytest python/sglang/jit_kernel/tests/test_minimax_m3_mxfp8.py,n/a (external model),,"Hard-codes M3 SwiGLU-OAI config (mxfp8_moe_amd_gfx95.py:388-402); raises NotImplementedError for anything else. Config JSON committed with model=MiniMax-M3."
39,MiniMax M3 (external EntryClass),SwiGLU-OAI split,both,"[*, 2I] -> [*, I], fp32 math",swiglu_oai_split,python/sglang/jit_kernel/minimax_m3/swiglu.py:55,python/sglang/srt/layers/moe/moe_runner/triton_utils/mxfp8_moe_amd_gfx95.py:313 (default path),Triton _swiglu_oai_kernel,python/sglang/jit_kernel/minimax_m3/swiglu.py:18,"ROCm gfx95x; SGLANG_MINIMAX_M3_FUSED_SWIGLU_MXFP8=false (default; separate SwiGLU + quant)",pytest python/sglang/jit_kernel/tests/test_minimax_m3_mxfp8.py,n/a (external model),,"OAI-style SwiGLU: alpha*x*sigmoid(alpha*x) * (up + beta) with limit clamp"
40,MiniMax M3 (external EntryClass),SwiGLU-OAI + MXFP8 quant (fused),both,"[*, 2I] -> [*, I] fp8_e4m3 + [*, I/32] E8M0",swiglu_oai_mxfp8_quant,python/sglang/jit_kernel/minimax_m3/swiglu.py:159,python/sglang/srt/layers/moe/moe_runner/triton_utils/mxfp8_moe_amd_gfx95.py:310 (fused path),Triton _swiglu_oai_mxfp8_quant_kernel (single-launch SwiGLU-OAI + MXFP8 quant),python/sglang/jit_kernel/minimax_m3/swiglu.py:96,"ROCm gfx95x; SGLANG_MINIMAX_M3_FUSED_SWIGLU_MXFP8=true (opt-in fused path)",pytest python/sglang/jit_kernel/tests/test_minimax_m3_mxfp8.py,n/a (external model),,"Experimental A/B toggle; env-off default"
41,MiniMax M3 (external EntryClass),MoE Combine (fused),both,"[T, top_k, H] -> [T, H]","_combine_topk_routes",python/sglang/srt/layers/moe/moe_runner/triton_utils/mxfp8_moe_amd_gfx95.py:220,python/sglang/srt/layers/moe/moe_runner/triton_utils/mxfp8_moe_amd_gfx95.py:354,Triton _combine_topk_routes_kernel,python/sglang/srt/layers/moe/moe_runner/triton_utils/mxfp8_moe_amd_gfx95.py:191,"SGLANG_MINIMAX_M3_FUSED_MOE_COMBINE (default False; opt-in fused; else uses g2.view(T,top_k,H).sum(dim=1))",(covered by E2 test_minimax_m3_mxfp8.py MoE tests),n/a (external model),,"Experimental A/B toggle"
42,MiniMax M3 (external EntryClass),KV Pool (MiniMaxSparseKVPool),n/a,"3 sub-pools: main K/V (all layers) + index K/V (sparse layers with V) + index K-only (sparse layers K-only)","MiniMaxSparseKVPool","python/sglang/srt/mem_cache/memory_pool.py:3538","python/sglang/srt/model_executor/model_runner_kv_cache_mixin.py:1059-1076 (auto-instantiated when is_minimax_sparse)","Composed of MHATokenToKVPool (main_pool), MHATokenToKVPool (index_kv_pool for K+V idx layers), MHATokenToKOnlyPool (index_k_pool for K-only idx layers)","python/sglang/srt/mem_cache/memory_pool.py:3593 (main); :3606 (index_kv); :3621 (index_k)","is_minimax_sparse(config) auto-detects (config has sparse_attention_config + arch is MiniMaxM3SparseFor*); config keys: sparse_attention_freq, sparse_disable_index_value, sparse_index_dim, sparse_score_type",pytest test/registered/unit/mem_cache/test_minimax_sparse_pool_host_unit.py; pytest test/registered/unit/mem_cache/test_minimax_sparse_pool_pd_unit.py; pytest test/registered/unit/disaggregation/test_minimax_sparse_disagg_state_kv_args.py,n/a (external model needed to exercise),,"Get: get_index_k_buffer (:3683), get_index_kv_buffer (:3672). Set: set_index_k_buffer (:3743), set_index_kv_buffer (:3717), set_fused_kv_index_buffer (:3788) - the last one fuses via store_kv_index"
43,MiniMax M3 (external EntryClass),Hybrid Cache Strategy,n/a,"HiRadixCache dispatch for MiniMaxSparseKVPool","_MiniMaxSparseStrategy",python/sglang/srt/mem_cache/hybrid_cache/hybrid_pool_assembler.py:969,"python/sglang/srt/mem_cache/hiradix_cache.py:145-150 (isinstance dispatch); disaggregation/utils.py:685","build_minimax_sparse_hicache_stack (in hybrid_pool_assembler.py); attach_hybrid_minimax_sparse_pool_to_hiradix_cache","python/sglang/srt/mem_cache/hybrid_cache/hybrid_pool_assembler.py:1219 (build_minimax_sparse_hicache_stack)","isinstance(kvcache, MiniMaxSparseKVPool); no PP support (assembler:1224); L2 index-k-only support (assembler:1323)",pytest test/registered/unit/mem_cache/test_unified_radix_hicache_dispatch.py,n/a (external model),,"For L1 (host) and L2 (nvme/rdma) hicache tiers; L2 only supports the K-only sparse layers today"
